ID,testID,Na,Mo,Mg,P,B,H,Cr,Ca,Ni,Ag,Cu,Sn,Al,Mn,Pb,Fe,Si,Ba,Sb,Zn,trialDate,trialNum
6,30,0,1,0,0,0,12902,0,0,1,0,2,1,1,1,6,0,0,0,0,1,1993-10-04 00:00:00.000,1
7,30,1,0,0,0,0,13351,0,0,0,0,0,0,0,0,0,1,18,0,0,3,1993-10-04 00:00:00.000,1
8,30,0,0,0,1,0,12995,0,0,0,0,0,0,0,0,0,0,0,0,0,1,1993-10-04 00:00:00.000,1
9,30,3,1,1,353,0,13518,0,72,0,0,1,0,0,0,1,1,2,0,0,510,1993-10-04 00:00:00.000,1
10,30,2,1,0,326,0,13745,0,69,0,0,10,0,1,0,2,0,3,0,0,461,1993-10-04 00:00:00.000,1
21776,30,651,1,13,228,29,6528,1,81,1,0,182,1,7,5,632,57,27,34,67663,145,2002-10-04 00:00:00.000,1
21679,40,2,0,0,4,3,4549,0,6,0,0,6,0,1,0,0,7,4,0,50345,2,2002-09-30 00:00:00.000,1
21691,40,1,0,1,6,0,4494,0,11,0,0,13,0,2,0,3,6,7,96,50913,15,2002-09-30 00:00:00.000,1
11,30,0,0,0,1,0,13167,0,0,0,0,0,0,0,0,0,0,0,0,0,1,1993-10-04 00:00:00.000,1
12,30,0,0,0,0,0,12648,0,0,0,0,0,0,0,0,0,0,0,0,0,0,1993-10-04 00:00:00.000,1
13,30,0,0,0,0,0,13195,0,0,0,0,0,0,0,0,0,0,0,2,0,1,1993-10-04 00:00:00.000,1
14,30,1,0,0,349,0,14181,0,73,0,0,9,0,0,0,0,0,2,0,0,493,1993-10-04 00:00:00.000,1
15,30,1,0,0,170,0,14131,0,2,0,0,3,0,0,0,0,1,0,0,0,9,1993-10-04 00:00:00.000,1
16,30,0,0,0,5,0,13337,0,5,0,0,0,0,0,0,0,0,0,0,0,18,1993-10-04 00:00:00.000,1
17,30,6,9,745,1212,33,12924,1,1100,0,0,13,2,1,1,9,17,15,0,0,1472,1993-10-04 00:00:00.000,1
18,30,5,29,485,1241,30,13076,0,1134,0,0,5,0,1,0,2,4,6,0,0,1533,1993-10-04 00:00:00.000,1
19,30,8,22,849,1205,45,13093,1,780,0,0,9,1,1,1,4,7,10,0,0,1514,1993-10-04 00:00:00.000,1
20,30,12,20,751,1170,40,12198,1,866,0,0,9,0,1,0,6,9,11,0,0,1480,1993-10-04 00:00:00.000,1
21,30,18,0,27,1090,233,12602,0,2193,0,0,4,0,3,0,9,9,1,0,0,1375,1993-10-07 00:00:00.000,1
22,30,19,13,750,1277,35,13886,2,1288,0,0,14,2,1,1,8,19,17,0,0,1576,1993-10-04 00:00:00.000,1
23,30,0,0,0,1,0,13389,0,0,0,0,0,0,0,0,0,2,0,0,0,0,1993-10-04 00:00:00.000,1
24,30,1,0,1,0,0,13433,0,1,0,0,1,0,0,0,2,0,7,0,0,9,1993-10-04 00:00:00.000,1
25,30,1,0,1,2,0,14154,0,1,0,0,0,0,0,0,0,0,0,9,0,4,1993-10-04 00:00:00.000,1
26,30,0,0,0,0,0,13329,0,0,0,0,0,0,0,0,0,0,0,0,0,1,1993-10-07 00:00:00.000,1
27,30,1,0,1,0,0,13956,0,0,0,0,0,0,0,0,2,0,5,0,0,8,1993-10-07 00:00:00.000,1
28,30,1,0,1,0,0,13982,0,0,0,0,0,0,0,0,2,0,1,0,0,2,1993-10-07 00:00:00.000,1
29,30,0,1,0,0,0,14201,0,0,0,0,0,1,0,0,0,0,0,0,0,3,1993-10-07 00:00:00.000,1
30,30,1,0,1,0,0,14061,0,0,0,0,0,0,0,0,2,0,9,0,0,9,1993-10-07 00:00:00.000,1
31,30,1,1,0,0,0,13873,0,0,0,0,0,0,0,0,1,0,0,2,0,3,1993-10-07 00:00:00.000,1
32,30,1,0,0,0,0,14103,0,0,0,0,0,0,0,0,0,0,0,0,0,2,1993-10-07 00:00:00.000,1
33,30,1,0,0,0,0,13428,0,0,0,0,0,0,0,0,1,0,8,0,0,8,1993-10-07 00:00:00.000,1
34,30,1,0,0,0,0,13566,0,1,0,0,0,0,0,0,0,0,0,0,0,1,1993-10-07 00:00:00.000,1
35,30,0,1,0,4,1,14447,0,0,1,0,0,2,1,1,1,0,1,0,0,3,1993-10-07 00:00:00.000,1
36,30,7,10,800,1299,37,13031,2,1089,1,0,15,5,2,2,11,21,17,0,0,1583,1993-10-08 00:00:00.000,1
37,30,5,30,373,1191,24,11381,0,1191,0,0,4,0,1,1,2,3,5,0,0,1686,1993-10-20 00:00:00.000,1
38,30,1,0,0,0,0,11153,0,0,0,0,0,0,0,0,0,3,0,0,0,0,1993-10-20 00:00:00.000,1
39,30,0,0,0,0,0,11469,0,0,0,0,0,0,0,0,0,0,3,0,0,2,1993-10-20 00:00:00.000,1
40,30,1,0,0,0,0,12387,0,1,0,0,0,0,0,0,0,1,1,1,0,7,1993-10-08 00:00:00.000,1
41,30,1,0,0,0,0,12210,0,0,0,0,0,0,0,0,2,0,1,0,0,5,1993-10-08 00:00:00.000,1
42,30,0,0,0,0,0,12446,0,0,0,0,0,0,0,0,6,0,0,2,0,9,1993-10-08 00:00:00.000,1
43,30,2,0,0,0,0,12112,0,0,0,0,0,0,0,0,1,2,0,0,0,2,1993-10-08 00:00:00.000,1
44,30,0,0,0,10,0,12079,0,0,0,0,0,0,0,0,0,0,1,0,0,2,1993-10-08 00:00:00.000,1
45,30,1,0,0,0,0,12692,0,0,0,0,0,0,0,0,0,6,0,0,0,3,1993-10-08 00:00:00.000,1
46,30,5,0,0,331,0,12375,0,75,0,0,0,0,0,0,0,7,0,0,0,481,1993-10-08 00:00:00.000,1
47,30,9,16,1108,1282,71,12744,1,449,0,0,9,2,1,1,5,9,11,0,0,1630,1993-10-08 00:00:00.000,1
48,30,0,0,2,9,0,12670,0,1,0,0,0,0,0,0,0,0,1,1,0,5,1993-10-08 00:00:00.000,1
49,30,0,0,0,0,0,12965,0,0,0,0,0,0,0,0,0,3,0,0,0,4,1993-10-08 00:00:00.000,1
49,40,1,0,0,0,0,9371,0,1,0,0,0,0,0,0,0,0,0,0,0,0,1993-10-08 00:00:00.000,1
50,30,1,0,0,0,0,12164,0,0,0,0,0,0,0,0,0,3,1,0,0,33,1993-10-08 00:00:00.000,1
50,40,5,0,0,0,0,9063,0,3,0,0,0,0,0,0,0,16,0,0,0,6,1993-10-08 00:00:00.000,1
51,30,0,0,0,0,0,12113,0,0,0,0,0,0,0,0,0,3,0,0,0,0,1993-10-08 00:00:00.000,1
52,30,0,0,0,2,0,12769,0,1,0,0,0,1,0,1,1,1,1,0,0,4,1993-10-08 00:00:00.000,1
53,30,1,0,0,0,0,12511,0,0,0,0,0,0,0,0,0,0,0,0,0,1,1993-10-08 00:00:00.000,1
53,40,3,1,0,0,0,9062,0,3,1,0,0,0,0,0,2,2,0,0,0,3,1993-10-08 00:00:00.000,1
54,30,0,1,0,89,0,12630,0,0,0,0,33,3,0,0,2,13,192,7,16,8,1993-10-08 00:00:00.000,1
54,40,6,2,2,0,0,9280,0,13,3,0,472,0,0,0,10,39,7,0,0,8,1993-10-08 00:00:00.000,1
55,30,1,0,0,0,0,12262,0,0,0,0,0,1,0,0,1,0,1,0,0,1,1993-10-08 00:00:00.000,1
56,30,1,0,2,12,0,12931,0,2,0,1,1,1,0,0,0,0,1,0,0,5,1993-10-08 00:00:00.000,1
57,30,0,1,0,0,0,14336,0,0,0,0,0,1,1,1,2,1,0,0,0,0,1993-10-08 00:00:00.000,1
58,30,0,0,0,0,0,12285,0,0,0,0,0,0,0,0,2,0,0,0,0,12,1993-10-08 00:00:00.000,1
59,30,0,2,0,86,0,12354,0,0,0,0,3,1,0,1,0,12,2,6,13,2,1993-10-08 00:00:00.000,1
59,40,2,3,0,0,0,9496,0,3,1,0,14,0,0,0,0,48,0,0,0,1,1993-10-08 00:00:00.000,1
60,30,0,0,0,0,0,12228,0,0,0,0,4,0,0,0,0,2,0,0,0,1,1993-10-08 00:00:00.000,1
61,30,4,0,0,355,0,12353,0,77,0,0,0,0,0,0,0,1,1,0,0,522,1993-10-08 00:00:00.000,1
62,30,1,0,0,0,0,12595,0,1,0,0,0,0,0,0,0,1,0,0,0,3,1993-10-08 00:00:00.000,1
63,30,1,0,0,0,0,11991,0,1,0,0,0,0,0,0,0,1,0,0,0,6,1993-10-08 00:00:00.000,1
65,30,1,0,0,0,0,12151,0,0,0,0,0,1,0,0,0,1,0,0,0,5,1993-10-08 00:00:00.000,1
66,30,1,0,0,0,0,12602,0,0,0,0,0,0,0,0,0,1,0,0,0,1,1993-10-08 00:00:00.000,1
67,30,295,0,0,58863,0,13816,0,0,0,0,0,0,0,0,0,0,0,1,0,1,1993-10-07 00:00:00.000,1
68,30,0,1,0,0,0,13631,0,0,0,0,0,0,0,0,1,0,1,0,0,0,1993-10-04 00:00:00.000,1
69,30,1,0,0,7,0,12993,0,1,0,0,0,0,0,0,1,2,1,0,0,14,1993-10-04 00:00:00.000,1
70,30,0,0,0,0,0,13129,0,0,0,0,1,0,0,0,0,0,0,0,0,1,1993-10-04 00:00:00.000,1
71,30,0,1,0,4,0,13717,0,0,0,0,0,1,1,0,2,0,0,0,0,2,1993-10-04 00:00:00.000,1
72,30,0,0,0,11,0,13657,0,1,0,0,0,0,0,0,0,0,0,0,0,3,1993-10-04 00:00:00.000,1
73,30,307,0,0,57781,0,13845,0,0,0,0,0,0,0,0,0,0,0,0,0,1,1993-10-07 00:00:00.000,1
74,30,0,0,0,4,0,13087,0,0,0,0,0,0,0,1,1,0,0,2,0,2,1993-10-04 00:00:00.000,1
75,30,284,0,0,60174,0,14126,0,0,0,0,0,0,0,0,0,0,0,3,0,1,1993-10-07 00:00:00.000,1
76,30,294,0,0,59519,0,13506,0,0,0,0,0,0,0,0,0,0,0,6,0,1,1993-10-07 00:00:00.000,1
77,30,291,0,0,60837,0,13792,0,0,0,0,0,0,0,0,0,0,0,7,0,2,1993-10-07 00:00:00.000,1
78,30,0,0,0,13,0,13183,0,0,0,0,0,0,0,0,1,0,2,5,0,2,1993-10-04 00:00:00.000,1
79,30,298,0,0,57441,0,13849,0,0,0,0,0,0,0,0,0,0,0,0,0,1,1993-10-07 00:00:00.000,1
80,30,290,0,0,59100,0,13262,0,0,0,0,0,0,0,0,0,0,0,5,0,2,1993-10-07 00:00:00.000,1
81,30,288,0,0,61743,0,13209,0,0,0,0,0,0,0,0,0,0,0,9,0,1,1993-10-07 00:00:00.000,1
82,30,311,0,0,55725,0,13213,0,0,0,0,0,0,0,0,0,0,0,0,0,1,1993-10-04 00:00:00.000,1
83,30,1,1,1,0,0,12055,0,0,0,0,0,2,1,1,2,1,0,0,0,2,1993-10-04 00:00:00.000,1
10570,30,1,0,0,0,0,15272,0,1,0,0,0,0,0,0,0,0,1,0,0,2,1998-09-16 00:00:00.000,1
10571,30,0,0,0,86,1,15650,0,2,0,0,0,1,1,0,1,7,1,1,14,3,1998-09-16 00:00:00.000,1
10572,30,1,0,0,2,0,15937,0,0,0,0,0,1,0,1,3,1,0,0,1,1,1998-09-16 00:00:00.000,1
10573,30,1,0,0,10,0,15397,0,1,0,0,0,0,0,0,11,2,0,0,0,2,1998-09-16 00:00:00.000,1
10574,30,0,0,0,70,1,15464,0,0,0,0,0,1,0,0,0,5,1,2,7,3,1998-09-16 00:00:00.000,1
10575,30,0,0,0,77,1,15584,0,0,0,0,0,1,0,1,0,4,1,2,6,5,1998-09-16 00:00:00.000,1
10576,30,0,0,0,5,0,15837,0,0,0,0,0,1,0,0,2,1,2,0,0,2,1998-09-16 00:00:00.000,1
10577,30,2,110,72,1203,134,15617,0,2052,0,0,4,0,1,0,4,5,9,0,0,1393,1998-09-16 00:00:00.000,1
10578,30,12,2,1,354,1,14327,1,26,0,0,4,5,1,2,3,15,13,2,35,70,1998-09-16 00:00:00.000,1
10579,30,0,0,0,2855,0,12262,0,2,0,0,97,5,1,1,0,2,26,20,50,25,1998-09-16 00:00:00.000,1
10580,30,0,0,0,1,0,15691,0,1,0,0,1,0,0,0,0,2,1,0,0,3,1998-09-16 00:00:00.000,1
10581,30,0,0,0,0,0,16052,0,0,0,0,0,0,0,0,2,0,0,0,0,1,1998-09-16 00:00:00.000,1
10582,30,0,0,0,41,0,15452,0,0,0,0,0,1,0,0,0,1,43,2,7,3,1998-09-16 00:00:00.000,1
10583,30,0,0,0,4,0,15503,0,1,0,0,0,0,0,1,0,15,1,0,2,1,1998-09-16 00:00:00.000,1
10584,30,1,0,0,0,0,15242,0,0,0,0,0,1,0,0,1,1,2,0,0,3,1998-09-16 00:00:00.000,1
10585,30,1,0,0,0,0,15767,0,0,0,0,0,0,0,0,1,1,4,0,0,3,1998-09-16 00:00:00.000,1
10586,30,1,0,0,18,1,15659,0,2,0,0,0,0,0,0,0,0,1,0,0,4,1998-09-16 00:00:00.000,1
10587,30,1,0,1,164,1,15576,0,32,1,0,35,0,2,1,1,8,1,0,0,16,1998-09-16 00:00:00.000,1
10588,30,0,0,1,157,1,16010,0,8,1,0,27,0,1,1,0,4,1,0,0,12,1998-09-16 00:00:00.000,1
10590,30,6267,24,999,1879,5,9241,1,2536,0,0,552,18,2414,10,10,2825,9740,44,267,154,1998-09-16 00:00:00.000,1
10591,30,267,2,287,891,0,10544,3,15263,2,0,3,0,20,5,4,49,80,0,20,5,1998-09-16 00:00:00.000,1
10592,30,275,0,291,570,0,11773,1,12582,0,0,2,0,14,2,0,36,56,0,0,2,1998-09-16 00:00:00.000,1
10593,30,25152,0,708,277,2,13945,1,23612,2,0,28,0,143,3,20,129,221,0,0,144,1998-09-16 00:00:00.000,1
10594,30,29318,0,785,258,2,13785,3,25883,4,0,55,0,160,4,22,122,236,0,0,222,1998-09-16 00:00:00.000,1
10595,30,7109,0,805,8,1,12595,3,20582,1,0,83,0,86,7,16,253,234,0,7,117,1998-09-16 00:00:00.000,1
10596,30,1,0,0,0,0,15356,0,1,0,0,1,0,0,0,0,24,4,0,0,1,1998-09-16 00:00:00.000,1
10597,30,1,0,0,180,18,15763,0,36,0,0,45,4,0,0,0,7,4,0,0,3,1998-09-16 00:00:00.000,1
10598,30,1,0,0,73,0,15488,0,0,0,0,17,2,0,0,2,5,274,0,4,2,1998-09-16 00:00:00.000,1
10599,30,0,0,0,1,0,15538,0,0,0,0,0,0,0,0,0,0,1,0,0,1,1998-09-16 00:00:00.000,1
10589,30,13894,5,259,19,1,4867,6,17488,7,1,2,32,23,8,14,34,67,0,22,19,1998-09-16 00:00:00.000,1
10600,30,1,0,0,0,0,15769,0,1,0,0,0,1,0,0,1,2,2,0,0,9,1998-09-16 00:00:00.000,1
10601,30,0,0,0,5,0,16325,0,0,0,0,0,0,0,0,0,0,1,1,3,1,1998-09-16 00:00:00.000,1
10602,30,8,1,1,340,1,13950,0,7,0,0,0,2,1,0,2,6,12,1,29,47,1998-09-16 00:00:00.000,1
84,30,1,0,1,0,0,11673,0,0,0,0,0,0,0,0,0,1,1,0,0,2,1993-10-04 00:00:00.000,1
84,40,1,0,1,0,0,9399,0,3,0,0,0,0,0,0,0,10,7,0,0,1,1993-10-04 00:00:00.000,1
22084,30,4,0,0,4,0,7309,0,1,0,0,0,0,0,0,0,1,2,1,NULL,2,2002-11-01 00:00:00.000,1
21972,30,9543,0,1105,246,0,4795,3,49673,0,0,47,0,45,3,0,69,230,0,NULL,105,2002-11-01 00:00:00.000,1
22108,30,0,0,0,10,0,8111,0,2,0,0,0,0,0,0,1,22,6,0,NULL,1,2002-11-06 00:00:00.000,1
21730,30,0,0,0,11,0,8184,0,2,0,0,1,0,0,0,1,35,5,1,NULL,1,2002-11-06 00:00:00.000,1
22037,30,0,0,0,6,0,8362,0,0,0,0,0,0,0,0,0,0,1,5,NULL,0,2002-11-19 00:00:00.000,1
22087,30,0,0,0,2,0,8368,0,1,0,0,0,0,0,0,0,0,4,0,NULL,3,2002-11-19 00:00:00.000,1
22144,30,0,0,0,4,0,8424,0,0,0,0,0,0,0,0,0,1,10,0,NULL,1,2002-11-19 00:00:00.000,1
22146,30,0,0,0,0,0,8290,0,1,0,0,0,0,0,0,0,2,4,0,NULL,1,2002-11-19 00:00:00.000,1
22157,30,0,0,0,1,0,8077,0,1,0,0,1,0,0,0,9,1,4,0,NULL,1,2002-11-19 00:00:00.000,1
22159,30,48,1,28,1248,15,7527,0,2539,1,0,1,0,1,1,2,2,6,52,NULL,1631,2002-11-19 00:00:00.000,1
22128,30,17533,0,2564,85,2,5161,6,58974,3,0,283,0,148,9,94,358,437,0,NULL,132,2002-11-19 00:00:00.000,1
22129,30,5415,0,1115,88,1,4783,0,41876,0,0,259,0,68,3,10,220,334,0,NULL,103,2002-11-19 00:00:00.000,1
22130,30,5435,9,962,354,4,5313,4,2380,7,0,463,19,2866,11,1321,2630,6735,0,NULL,171,2002-11-19 00:00:00.000,1
22101,40,2,2,6,17,3,4962,13,52,0,0,6,0,0,0,0,16,3,0,NULL,40,2002-11-19 00:00:00.000,1
22176,30,7,72,197,1166,97,8264,2,1733,1,0,5,0,1,1,5,8,6,3,NULL,1172,2002-11-20 00:00:00.000,1
22248,30,1,0,0,2,0,8054,0,0,0,0,2,0,0,0,0,0,3,0,NULL,1,2002-11-27 00:00:00.000,1
22261,30,1,0,0,2,0,8360,0,0,0,0,0,0,0,0,0,0,1,4,NULL,1,2002-12-04 00:00:00.000,1
22262,30,0,0,0,0,0,8247,0,0,0,0,0,1,0,0,0,2,1,0,NULL,1,2002-12-04 00:00:00.000,1
22304,30,5,82,141,1092,99,7989,8,1832,1,0,6,0,1,1,5,13,9,2,NULL,1253,2002-12-06 00:00:00.000,1
22296,30,0,0,0,0,0,7318,0,0,0,0,0,0,0,0,0,0,0,0,NULL,0,2002-12-10 00:00:00.000,1
22298,30,1,0,0,0,0,6982,0,3,0,0,0,0,0,0,0,0,0,0,NULL,0,2002-12-10 00:00:00.000,1
22299,30,0,0,0,0,0,7195,0,0,0,0,0,0,0,0,0,0,0,0,NULL,1,2002-12-10 00:00:00.000,1
22300,30,0,0,0,0,0,7495,0,0,0,0,0,0,0,0,0,0,1,0,NULL,1,2002-12-10 00:00:00.000,1
22301,30,0,0,0,0,0,7077,0,0,0,0,0,0,0,0,0,0,1,0,NULL,1,2002-12-10 00:00:00.000,1
22302,30,0,0,0,172,0,7234,0,49,0,0,1,0,0,0,0,0,0,0,NULL,325,2002-12-10 00:00:00.000,1
22303,30,7,55,173,880,84,6829,0,1664,0,0,7,0,1,0,12,2,3,0,NULL,1044,2002-12-10 00:00:00.000,1
22317,30,259,0,0,54585,0,8040,0,0,0,0,0,0,0,0,0,0,0,0,NULL,0,2002-12-10 00:00:00.000,1
22318,30,3,61,168,1008,85,6756,0,1677,0,0,1,0,1,0,0,4,2,0,NULL,1103,2002-12-10 00:00:00.000,1
22319,30,0,0,0,1,0,7095,0,3,0,0,0,0,0,0,0,0,0,0,NULL,2,2002-12-10 00:00:00.000,1
22320,30,0,0,0,0,0,7153,0,0,0,0,0,0,0,0,0,0,0,0,NULL,0,2002-12-10 00:00:00.000,1
22254,30,0,0,0,3,0,8295,0,0,0,0,0,0,0,0,0,0,0,5,NULL,1,2002-12-04 00:00:00.000,1
22257,30,6,0,1,318,23,8585,0,9,1,0,31,0,3,2,4,31,5,6,NULL,132,2002-12-04 00:00:00.000,1
22265,30,18228,0,910,7,1,6396,7,56618,3,0,20,0,90,7,0,67,327,0,NULL,162,2002-12-04 00:00:00.000,1
22266,30,14927,0,690,33,1,7204,2,30310,1,0,7,0,93,3,8,84,161,0,NULL,139,2002-12-04 00:00:00.000,1
22274,30,0,0,0,0,0,8367,0,1,0,0,0,0,0,0,1,1,6,0,NULL,3,2002-12-05 00:00:00.000,1
22275,30,1,0,0,0,0,8227,0,1,0,0,0,0,0,0,1,2,4,1,NULL,2,2002-12-05 00:00:00.000,1
22276,30,0,0,0,3,0,8581,0,0,0,0,0,0,0,0,0,2,14,3,NULL,2,2002-12-05 00:00:00.000,1
22280,30,0,0,0,1,0,7774,0,2,0,0,0,0,0,0,0,18,3,0,NULL,0,2002-12-06 00:00:00.000,1
22288,30,0.3,0,0,0,0,7590,0,0.3,0,0,0,0,0,0,0,0.1,5,0,NULL,0.2,2002-12-10 00:00:00.000,1
22305,30,1,0,0,0,0,7380,0,3,0,0,0,0,0,0,0,1,1,0,NULL,4,2002-12-10 00:00:00.000,1
22321,30,0,0,0,73,0,6900,0,2,0,0,10,1,0,0,0,4,3,0,NULL,2,2002-12-10 00:00:00.000,1
22322,30,0,0,0,0,0,6742,0,1,0,0,0,0,0,0,0,0,0,0,NULL,0,2002-12-10 00:00:00.000,1
22323,30,0,0,0,0,0,6957,0,0,0,0,0,0,0,0,0,0,1,0,NULL,0,2002-12-10 00:00:00.000,1
22324,30,0,0,0,0,0,7401,0,0,0,0,0,0,0,0,0,0,0,0,NULL,3,2002-12-10 00:00:00.000,1
22325,30,0,0,0,0,0,6941,0,1,0,0,0,0,0,0,0,0,0,0,NULL,2,2002-12-10 00:00:00.000,1
22258,30,3,68,250,1009,90,7898,3,1721,0,0,4,0,1,0,4,7,4,4,NULL,1127,2002-12-04 00:00:00.000,1
22259,30,1,0,0,3,0,8364,0,2,0,0,1,2,0,0,1,2,3,3,NULL,3,2002-12-04 00:00:00.000,1
22260,30,0,0,0,1,0,7973,0,1,0,0,0,0,0,0,0,1,6,2,NULL,3,2002-12-04 00:00:00.000,1
22272,30,1,0,0,2,0,8551,0,1,0,0,0,0,0,0,0,5,8,4,NULL,2,2002-12-05 00:00:00.000,1
22268,30,1,0,0,0,0,8035,0,1,0,0,0,0,0,0,0,0,0,0,NULL,0,2002-12-06 00:00:00.000,1
22282,30,0,0,0,0,0,8336,0,0,0,0,0,0,0,0,0,0,2,1,NULL,1,2002-12-06 00:00:00.000,1
22294,30,0,0,0,0,0,7278,0,0,0,0,0,0,0,0,0,0,0,0,NULL,0,2002-12-10 00:00:00.000,1
22326,30,2,0,0,649,0,6954,0,5,0,0,2,0,0,0,0,8,13,0,NULL,3,2002-12-10 00:00:00.000,1
22327,30,0,0,0,641,0,7027,0,3,0,0,0,0,0,0,0,2,14,0,NULL,1,2002-12-10 00:00:00.000,1
22331,30,12290,24,847,0,2,4524,16,18614,12,1,355,19,51,10,51,738,274,0,NULL,19120,2002-12-10 00:00:00.000,1
22245,40,1,0,1,6,1,4477,0,3,0,0,34,5,0,0,5,8,2,0,NULL,3,2002-12-12 00:00:00.000,1
22257,40,83,0,8,258,37,4466,5,78,32,0,279,4,79,12,23,699,55,56,NULL,153,2002-12-12 00:00:00.000,1
22271,40,14,0,4,19,0,4616,1,31,2,0,5,0,1,6,31,958,24,131,NULL,31,2002-12-12 00:00:00.000,1
22272,40,6,0,3,12,0,4697,0,13,0,0,2,0,0,1,14,172,14,42,NULL,9,2002-12-12 00:00:00.000,1
22281,40,4,0,1,2,0,4331,0,6,0,0,2,0,0,0,8,28,8,0,NULL,7,2002-12-12 00:00:00.000,1
22287,30,0,0,0,0,0,7441,0,0,0,0,0,0,0,0,0,0,2,0,NULL,0,2002-12-10 00:00:00.000,1
22247,40,5,0,1,23,0,4639,0,4,0,0,390,13,0,0,0,100,6,2,NULL,9,2002-12-12 00:00:00.000,1
22330,30,3801,9,152,0,3,4933,13,5703,7,0,64,0,20,6,16,1111,181,0,NULL,7371,2002-12-13 00:00:00.000,1
22333,30,252,0,214,48,0,3711,0,10536,0,0,475,0,5,0,0,31,63,0,NULL,1,2002-12-13 00:00:00.000,1
22334,30,7209,0,1008,97,0,4612,0,34379,0,0,5,0,88,0,140,93,243,0,NULL,6,2002-12-13 00:00:00.000,1
22332,30,0,3,4,0,26,2703,2,400,0,0,694,0,0,0,2,1,6,0,NULL,1,2002-12-13 00:00:00.000,1
22335,30,19165,11,826,0,3,3554,8,35804,8,1,7,42,151,8,17,121,251,0,NULL,4,2002-12-13 00:00:00.000,1
22336,30,14491,0,1597,130,0,4459,0,51536,0,0,116,0,46,1,0,82,158,0,NULL,107,2002-12-13 00:00:00.000,1
22342,30,0,0,0,56,0,7102,0,5,0,0,0,0,0,0,0,26,0,0,NULL,2,2002-12-13 00:00:00.000,1
22343,30,0,0,0,41,0,7303,0,0,0,0,0,0,0,0,0,0,0,0,NULL,1,2002-12-13 00:00:00.000,1
22346,30,0,0,0,0,0,6532,0,0,0,0,0,0,0,0,0,0,1,0,NULL,0,2002-12-13 00:00:00.000,1
22347,30,1,0,0,0,0,6870,0,1,0,0,0,0,0,0,0,0,1,0,NULL,0,2002-12-13 00:00:00.000,1
22348,30,0,0,0,0,0,6861,0,0,0,0,0,0,0,0,0,0,1,0,NULL,0,2002-12-13 00:00:00.000,1
22349,30,0,0,0,0,0,6839,0,0,0,0,0,0,0,0,0,0,1,0,NULL,0,2002-12-13 00:00:00.000,1
22362,30,0,0,0,0,0,6620,0,0,0,0,1,0,0,0,0,0,0,0,NULL,0,2002-12-13 00:00:00.000,1
22328,30,0,0,0,0,0,7195,0,1,0,0,0,0,0,0,0,0,1,0,NULL,2,2002-12-10 00:00:00.000,1
22276,40,4,0,2,5,0,4646,0,9,0,0,1,0,0,0,0,51,10,10,NULL,6,2002-12-12 00:00:00.000,1
22339,30,2,0,0,160,8,7200,0,8,0,0,4,0,0,0,0,2,0,0,NULL,16,2002-12-13 00:00:00.000,1
22340,30,1,0,0,3,0,7382,0,9,0,0,0,0,0,0,0,4,3,0,NULL,1,2002-12-13 00:00:00.000,1
22341,30,0,0,0,124,12,7160,0,17,0,0,0,0,0,0,0,14,1,0,NULL,1,2002-12-13 00:00:00.000,1
22389,30,230,44,300,1556,18,18990,5,784,10,2,1447,59,3,4,25,3174,347,87,NULL,2399,2003-04-29 00:00:00.000,1
22390,30,1,73,230,1006,99,7986,1,1664,0,0,1,0,1,0,0,3,3,0,NULL,1131,2002-12-19 00:00:00.000,1
22391,30,8,86,67,1033,131,8082,0,1781,0,0,7,3,1,0,18,3,4,0,NULL,1171,2002-12-19 00:00:00.000,1
22392,30,0,0,0,0,0,8397,0,0,0,0,0,0,0,0,0,0,2,0,NULL,1,2002-12-19 00:00:00.000,1
22366,30,4,0,7,185,0,8057,0,253,0,0,11,0,25,1,0,16,6,0,NULL,46,2003-01-10 00:00:00.000,1
22367,30,2,0,1,160,29,8488,0,41,1,0,40,0,3,0,0,3,1,0,NULL,14,2002-12-19 00:00:00.000,1
22368,30,3,0,2,272,24,8558,0,18,0,0,19,0,0,1,0,2,2,0,NULL,30,2002-12-19 00:00:00.000,1
22369,30,0,0,0,0,0,8371,0,0,0,0,0,0,0,0,2,0,5,0,NULL,0,2002-12-19 00:00:00.000,1
22371,30,1,74,247,1001,100,7929,7,1728,0,0,2,0,1,0,0,6,3,0,NULL,1153,2002-12-19 00:00:00.000,1
22372,30,0,0,0,2,0,8508,0,1,0,0,0,0,0,0,0,0,4,0,NULL,1,2002-12-19 00:00:00.000,1
22329,30,0,0,0,0,0,7027,0,1,0,0,0,0,0,0,1,0,0,0,NULL,2,2002-12-10 00:00:00.000,1
22326,40,3,0,1,28,0,4365,0,9,0,0,12,0,0,0,0,71,5,7,NULL,6,2002-12-12 00:00:00.000,1
22338,30,19495,2,1817,113,2,4961,8,50527,8,3,189,0,170,8,12,225,356,0,NULL,101,2002-12-13 00:00:00.000,1
22363,30,0,0,0,0,0,7791,0,0,0,0,1,0,0,0,0,0,0,0,NULL,0,2002-12-13 00:00:00.000,1
22370,30,0,0,0,49,0,8082,0,0,0,0,2,0,0,0,0,4,2,0,NULL,1,2002-12-19 00:00:00.000,1
22374,30,0,0,0,0,0,8332,0,0,0,0,0,0,0,0,0,0,5,0,NULL,0,2002-12-19 00:00:00.000,1
22376,30,0,0,0,0,0,8217,0,0,0,0,0,0,0,0,0,0,2,0,NULL,0,2002-12-19 00:00:00.000,1
22379,30,0,0,0,0,0,8233,0,0,0,0,0,0,0,0,0,4,1,0,NULL,1,2002-12-19 00:00:00.000,1
22380,30,286,0,0,57716,0,9572,0,0,0,0,0,0,0,0,0,0,3,0,NULL,0,2002-12-19 00:00:00.000,1
22388,30,0,0,0,6,0,8191,0,1,0,0,0,0,0,0,0,0,0,0,NULL,1,2002-12-19 00:00:00.000,1
22394,30,0,0,0,51,0,8048,0,3,0,0,0,0,0,0,0,0,7,0,NULL,1,2002-12-19 00:00:00.000,1
22396,30,0,0,0,52,0,8055,0,1,0,0,0,0,0,0,0,1,3,0,NULL,1,2002-12-19 00:00:00.000,1
22398,30,0,0,0,0,0,8049,0,0,0,0,2,0,0,0,0,0,6,0,NULL,2,2002-12-19 00:00:00.000,1
22406,30,0,0,0,10,0,9893,0,0,0,0,18,0,0,0,0,13,1,0,NULL,2,2002-12-20 00:00:00.000,1
22407,30,2,0,1,263,0,7959,0,85,0,0,0,0,0,0,0,0,0,0,NULL,411,2002-12-20 00:00:00.000,1
22337,30,33799,5,846,14,2,3714,8,61659,3,0,317,6,43,6,12,69,194,0,NULL,7,2002-12-13 00:00:00.000,1
22393,30,0,0,0,0,0,8422,0,0,0,0,0,0,0,0,0,0,6,0,NULL,1,2002-12-19 00:00:00.000,1
22395,30,0,0,0,40,0,8094,0,3,0,0,0,0,0,0,0,6,3,0,NULL,1,2002-12-19 00:00:00.000,1
22381,30,38603,9,2385,69,4,7043,12,70112,19,2,1604,30,364,20,44,309,619,0,NULL,163,2002-12-20 00:00:00.000,1
22382,30,31,8,3,184,1,5321,4,13,1,0,12,12,9,2,7,111,9,0,NULL,215,2002-12-20 00:00:00.000,1
22383,30,10,3,1,226,0,6948,4,14,0,0,68,1,1,2,43,379,6,0,NULL,183,2002-12-20 00:00:00.000,1
22401,30,32109,0,849,0,1,5251,1,36947,0,0,7,0,51,1,0,60,122,0,NULL,7,2002-12-20 00:00:00.000,1
22402,30,701,0,787,414,0,8379,3,33262,0,0,5,0,37,5,0,216,190,0,NULL,160,2002-12-20 00:00:00.000,1
22342,40,6,0,3,118,0,4621,2,26,1,0,1,0,0,6,0,598,13,10,NULL,13,2002-12-20 00:00:00.000,1
22366,40,42,0,45,442,0,4634,1,4630,1,0,84,0,573,9,11,322,74,6,NULL,64,2002-12-20 00:00:00.000,1
22367,40,6,0,2,27,8,4609,0,49,3,0,38,0,21,0,0,20,9,9,NULL,6,2002-12-20 00:00:00.000,1
22371,40,2,10,121,85,15,4664,25,195,0,0,6,1,0,0,0,32,5,9,NULL,111,2002-12-20 00:00:00.000,1
22410,30,0,0,0,748,0,8437,0,3,0,0,0,0,0,0,0,0,18,0,NULL,1,2002-12-30 00:00:00.000,1
22414,30,45300,11,1993,6,4,4389,10,64621,9,1,24,41,273,10,29,192,400,0,NULL,114,2002-12-30 00:00:00.000,1
22415,30,30155,2,2262,88,3,5426,5,63083,3,0,7,0,207,7,14,191,487,0,NULL,154,2002-12-30 00:00:00.000,1
22389,40,741,666,25,89,71,17569,64,45,235,6,456,97,671,33,314,7689,84,80,NULL,6810,2002-12-19 00:00:00.000,1
22364,30,0,0,0,0,0,8165,0,1,0,0,0,0,0,0,0,0,1,0,NULL,2,2002-12-19 00:00:00.000,1
22365,30,1,0,0,1,0,8545,0,1,0,0,0,0,0,0,0,0,1,0,NULL,4,2002-12-19 00:00:00.000,1
22373,30,0,0,0,2,0,8420,0,1,0,0,0,0,0,0,0,0,2,0,NULL,0,2002-12-19 00:00:00.000,1
22375,30,0,0,0,0,0,8415,0,1,0,0,0,0,0,0,0,0,3,0,NULL,0,2002-12-19 00:00:00.000,1
22399,30,0,0,0,0,0,8229,0,0,0,0,0,0,0,0,0,0,0,0,NULL,0,2002-12-19 00:00:00.000,1
22400,30,0,0,0,0,0,8051,0,0,0,0,0,0,0,0,0,0,0,0,NULL,1,2002-12-19 00:00:00.000,1
22384,30,39967,5,2190,28,3,7076,10,64455,12,1,881,14,326,13,35,258,450,0,NULL,125,2002-12-20 00:00:00.000,1
22387,30,25013,1,1932,187,2,6891,11,60702,19,1,2149,2,202,12,14,306,399,0,NULL,194,2002-12-20 00:00:00.000,1
22403,30,43418,6,2252,0,4,6635,19,63777,22,1,2536,27,473,16,40,482,617,0,NULL,132,2002-12-20 00:00:00.000,1
22404,30,32,0,254,123,0,3573,2,15727,2,0,25,0,13,5,1,34,77,0,NULL,3,2002-12-20 00:00:00.000,1
22411,30,0,0,1,735,0,8211,0,4,0,0,0,0,0,0,0,1,23,0,NULL,1,2002-12-30 00:00:00.000,1
22412,30,7,75,197,1068,94,8106,2,1671,0,0,5,0,1,0,4,8,6,0,NULL,1191,2002-12-30 00:00:00.000,1
22416,30,37616,2,1712,0,4,4059,5,58952,3,0,7,18,280,7,16,214,534,0,NULL,362,2002-12-30 00:00:00.000,1
22418,30,31,0,129,1270,292,7963,0,1868,0,0,4,0,2,0,4,5,5,4,NULL,1527,2003-01-07 00:00:00.000,1
22378,30,1,0,0,0,0,8175,0,0,0,0,0,0,0,0,7,0,3,0,NULL,2,2002-12-19 00:00:00.000,1
22397,30,0,0,0,0,0,8275,0,0,0,0,1,0,0,0,0,0,1,0,NULL,1,2002-12-19 00:00:00.000,1
22385,30,51878,7,2644,18,4,6597,22,69968,43,1,3811,20,411,13,30,322,487,0,NULL,220,2002-12-20 00:00:00.000,1
22386,30,3762,0,1311,333,34,7116,5,44028,0,0,6,0,62,4,0,106,249,0,NULL,238,2002-12-20 00:00:00.000,1
22341,40,2,0,1,24,2,4713,0,4,0,0,2,0,0,0,0,89,5,12,NULL,2,2002-12-20 00:00:00.000,1
22419,30,3,79,237,1052,107,8061,2,1782,0,0,3,0,1,0,1,5,3,5,NULL,1224,2003-01-07 00:00:00.000,1
22420,30,5,88,144,1036,102,8082,6,1834,0,0,6,0,1,0,4,12,5,1,NULL,1308,2003-01-07 00:00:00.000,1
22421,30,0,0,0,5,0,8656,0,0,0,0,0,0,0,0,0,1,0,2,NULL,0,2003-01-07 00:00:00.000,1
22426,30,2,0,0,0,0,8359,0,1,0,0,1,2,0,0,1,2,3,0,NULL,2,2003-01-07 00:00:00.000,1
22427,30,1,0,0,0,0,8355,0,0,0,0,0,0,0,0,0,1,5,0,NULL,1,2003-01-07 00:00:00.000,1
22429,30,1,0,0,1,0,8273,0,1,0,0,0,0,0,0,0,0,2,0,NULL,4,2003-01-07 00:00:00.000,1
22430,30,5,0,0,1,0,8430,0,1,0,0,4,0,0,0,2,2,4,0,NULL,3,2003-01-07 00:00:00.000,1
22433,30,0,0,0,3,0,8512,0,0,0,0,0,0,0,0,0,0,0,0,NULL,0,2003-01-07 00:00:00.000,1
22439,30,0,1,0,2,0,8583,0,0,0,0,0,0,0,0,1,0,3,1,NULL,1,2003-01-07 00:00:00.000,1
22440,30,0,0,0,0,0,8476,0,0,0,0,0,0,0,0,5,2,4,0,NULL,0,2003-01-07 00:00:00.000,1
22405,30,722,0,942,167,0,5516,0,28390,0,0,199,0,146,5,11,327,511,0,NULL,116,2002-12-20 00:00:00.000,1
22409,30,1,0,0,1674,0,6693,0,1,0,0,45,2,0,0,0,3,9,0,NULL,3,2002-12-30 00:00:00.000,1
22413,30,1,0,0,0,0,8483,0,0,0,0,0,0,0,0,1,1,0,0,NULL,0,2002-12-30 00:00:00.000,1
22417,30,28612,1,1575,213,3,8602,6,46422,5,0,41,0,238,6,83,170,294,0,NULL,318,2002-12-30 00:00:00.000,1
22424,30,0,0,0,5,0,8612,0,0,0,0,0,0,0,0,0,0,2,2,NULL,0,2003-01-07 00:00:00.000,1
22425,30,1,0,1,3,0,8383,0,13,0,0,1,0,0,0,0,1,3,1,NULL,1,2003-01-07 00:00:00.000,1
22432,30,0,0,0,1671,1,6544,0,0,0,0,36,2,0,0,0,2,5,0,NULL,6,2003-01-07 00:00:00.000,1
22441,30,1,0,0,171,15,8416,0,23,0,0,2,0,0,0,0,0,0,1,NULL,1,2003-01-07 00:00:00.000,1
22443,30,3,0,1,373,0,8565,0,94,1,0,14,0,0,0,3,1,1,1,NULL,635,2003-01-07 00:00:00.000,1
22444,30,268,0,0,56724,0,9957,1,0,0,0,0,0,0,0,0,0,0,0,NULL,0,2003-01-07 00:00:00.000,1
22447,30,0,0,0,3,0,8205,0,0,0,0,0,0,0,0,0,0,0,0,NULL,0,2003-01-07 00:00:00.000,1
22408,30,199,0,562,83,13,5220,0,135,0,0,1,0,13,1,0,53,2102,0,NULL,5,2003-01-07 00:00:00.000,1
22455,30,0,0,0,5,0,8338,0,1,0,0,0,0,0,0,0,5,0,2,NULL,1,2003-01-08 00:00:00.000,1
22456,30,0,0,0,0,0,7968,0,0,0,0,0,0,0,0,0,0,1,0,NULL,0,2003-01-08 00:00:00.000,1
22457,30,0,0,0,2,0,8024,0,0,0,0,0,0,0,0,0,0,1,0,NULL,0,2003-01-08 00:00:00.000,1
22422,30,0,0,0,5,0,8827,0,0,0,0,0,0,0,0,0,0,13,3,NULL,0,2003-01-07 00:00:00.000,1
22423,30,1,0,0,4,0,8625,0,0,0,0,0,0,0,0,0,0,1,1,NULL,0,2003-01-07 00:00:00.000,1
22428,30,1,0,0,3,0,8453,0,2,0,0,0,0,0,0,0,0,1,0,NULL,6,2003-01-07 00:00:00.000,1
22431,30,6,0,0,7,0,8721,0,1,0,0,0,0,0,0,2,3,29,13,NULL,2,2003-01-07 00:00:00.000,1
22434,30,0,0,0,2,0,8522,0,0,0,0,0,0,0,0,0,0,1,0,NULL,0,2003-01-07 00:00:00.000,1
22435,30,0,0,0,3,0,8399,0,0,0,0,0,0,0,0,0,0,2,0,NULL,0,2003-01-07 00:00:00.000,1
22436,30,0,0,0,0,0,8230,0,0,0,0,0,0,0,0,0,0,2,0,NULL,0,2003-01-07 00:00:00.000,1
22437,30,0,0,0,3,0,8185,0,0,0,0,0,0,0,0,0,7,0,0,NULL,1,2003-01-07 00:00:00.000,1
22438,30,0,0,0,0,0,8284,0,0,0,0,0,0,0,0,0,0,1,0,NULL,0,2003-01-07 00:00:00.000,1
22442,30,0,0,0,54,0,8078,0,0,0,0,19,0,0,0,0,8,20,0,NULL,2,2003-01-07 00:00:00.000,1
22445,30,283,1,0,56839,0,10525,1,0,0,1,0,0,0,0,0,0,0,0,NULL,0,2003-01-07 00:00:00.000,1
22446,30,0,0,0,14,0,8329,0,0,0,0,0,0,0,0,0,0,0,0,NULL,0,2003-01-07 00:00:00.000,1
22448,30,0,0,0,7,0,8473,0,0,0,0,0,0,0,0,0,0,1,1,NULL,0,2003-01-07 00:00:00.000,1
22449,30,0,0,0,9,0,8441,0,0,0,0,0,0,0,0,0,0,1,2,NULL,0,2003-01-07 00:00:00.000,1
22454,30,4,73,206,1001,104,8138,0,1690,1,0,1,0,1,0,1,5,3,8,NULL,1084,2003-01-08 00:00:00.000,1
22458,30,1,0,0,68,0,8328,0,1,1,0,57,6,0,0,1,34,2,4,NULL,1,2003-01-08 00:00:00.000,1
22459,30,0,0,0,1,0,8298,0,0,0,0,1,0,0,0,0,0,0,1,NULL,0,2003-01-08 00:00:00.000,1
22460,30,0,0,0,31,0,8231,0,0,0,0,0,0,0,0,0,0,0,0,NULL,6,2003-01-08 00:00:00.000,1
22461,30,0,0,0,305,0,8384,0,70,1,0,32,0,0,0,1,1,0,3,NULL,497,2003-01-08 00:00:00.000,1
22462,30,255,0,0,57381,0,9518,0,0,0,0,0,0,0,0,0,0,1,0,NULL,1,2003-01-08 00:00:00.000,1
22463,30,0,0,0,6,0,8482,0,0,0,0,0,0,0,0,0,0,0,4,NULL,1,2003-01-08 00:00:00.000,1
22464,30,1,0,0,6,0,8503,0,1,0,0,0,0,0,0,0,0,1,3,NULL,1,2003-01-08 00:00:00.000,1
22465,30,3,77,260,1011,96,7916,4,1779,0,0,4,0,1,0,4,7,3,3,NULL,1211,2003-01-08 00:00:00.000,1
22466,30,0,0,0,171,0,8437,0,48,0,0,7,0,0,0,0,0,0,3,NULL,284,2003-01-08 00:00:00.000,1
22442,40,3,0,1,56,0,5022,0,10,0,0,253,9,0,0,1,84,6,27,NULL,6,2003-01-08 00:00:00.000,1
22458,40,8,0,5,155,1,5091,1,18,9,0,1513,76,1,6,1,770,24,40,NULL,17,2003-01-08 00:00:00.000,1
22461,40,2,0,0,42,0,4709,0,9,0,0,1,1,0,0,0,2,0,25,NULL,9,2003-01-08 00:00:00.000,1
22505,30,0,0,0,6,0,8294,0,2,0,0,0,0,0,0,0,0,3,0,NULL,1,2003-01-10 00:00:00.000,1
22511,30,256,0,0,56970,0,10224,0,0,0,0,0,0,0,0,0,0,2,0,NULL,0,2003-01-14 00:00:00.000,1
22512,30,1,0,0,0,0,8553,0,2,0,0,0,0,0,0,5,0,6,0,NULL,2,2003-01-14 00:00:00.000,1
22467,30,14,82,65,1095,119,8017,0,1734,0,0,8,1,1,0,18,4,3,6,NULL,1276,2003-01-08 00:00:00.000,1
22420,40,2,0,10,80,3,5004,14,69,0,0,4,0,0,0,0,26,8,31,NULL,68,2003-01-08 00:00:00.000,1
22504,30,2,1,1,374,0,8630,0,93,1,0,13,0,0,0,3,3,3,0,NULL,612,2003-01-10 00:00:00.000,1
22506,30,0,0,0,4,0,8354,0,2,0,0,0,0,0,0,0,0,3,0,NULL,1,2003-01-10 00:00:00.000,1
22507,30,0,0,0,3,0,8164,0,0,0,0,0,0,0,0,0,0,4,0,NULL,1,2003-01-10 00:00:00.000,1
22508,30,0,0,0,4,0,8244,0,0,0,0,0,0,0,0,0,0,2,0,NULL,1,2003-01-10 00:00:00.000,1
22509,30,0,0,0,1750,1,6424,0,0,0,0,35,3,0,0,0,6,9,0,NULL,6,2003-01-10 00:00:00.000,1
22513,30,0,0,0,3,0,8396,0,1,0,0,0,0,0,0,0,10,9,3,NULL,1,2003-01-14 00:00:00.000,1
22515,30,2,0,1,173,36,8693,0,45,1,0,36,0,2,0,0,3,3,2,NULL,42,2003-01-14 00:00:00.000,1
22516,30,8,1,1,184,29,8694,0,39,1,0,18,0,1,0,1,2,6,3,NULL,65,2003-01-14 00:00:00.000,1
22607,30,1,75,225,1031,103,8287,1,1682,0,0,1,0,1,0,0,3,5,6,NULL,1050,2003-01-16 00:00:00.000,1
22608,30,0,0,0,3,0,8428,0,1,0,0,0,0,0,0,0,0,2,2,NULL,2,2003-01-16 00:00:00.000,1
22609,30,0,0,0,2,0,8252,0,0,0,0,0,0,0,0,0,0,3,2,NULL,0,2003-01-16 00:00:00.000,1
22615,30,0,0,0,50,0,8095,0,0,0,0,6,0,0,0,0,8,3,0,NULL,2,2003-01-16 00:00:00.000,1
22617,30,15,1,77,1260,535,8131,2,2180,1,0,6,0,1,1,3,8,19,0,NULL,1502,2003-01-16 00:00:00.000,1
22514,30,0,0,0,195,3,8453,0,4,0,0,7,0,0,0,0,2,5,0,NULL,5,2003-01-14 00:00:00.000,1
22610,30,0,0,0,166,0,8107,0,53,0,0,2,0,0,0,0,0,6,0,NULL,299,2003-01-16 00:00:00.000,1
22611,30,0,0,0,0,0,8586,0,0,0,0,0,0,0,0,0,0,4,0,NULL,1,2003-01-16 00:00:00.000,1
22612,30,0,0,0,0,0,8645,0,0,0,0,0,0,0,0,0,0,15,1,NULL,0,2003-01-16 00:00:00.000,1
22614,30,2,0,0,0,0,8121,0,1,0,0,2,0,0,0,3,16,32,10,NULL,3,2003-01-16 00:00:00.000,1
22618,30,0,0,0,3,0,8373,0,0,0,0,0,0,0,0,0,0,3,1,NULL,1,2003-01-16 00:00:00.000,1
22619,30,0,0,0,2,0,8256,0,0,0,0,0,0,0,0,0,0,2,0,NULL,1,2003-01-16 00:00:00.000,1
22624,30,5,72,217,1009,106,8190,0,1708,1,0,4,0,1,0,9,3,5,1,NULL,1082,2003-01-16 00:00:00.000,1
22625,30,0,0,0,131,0,8261,0,43,0,0,3,0,0,0,0,0,9,0,NULL,240,2003-01-16 00:00:00.000,1
22629,30,0,0,0,1,0,8219,0,0,0,0,0,0,0,0,0,0,6,0,NULL,0,2003-01-16 00:00:00.000,1
22630,30,7,86,208,1060,102,8142,2,1747,1,0,5,0,1,0,4,8,6,0,NULL,1223,2003-01-16 00:00:00.000,1
22631,30,0,0,0,2,0,8567,0,2,0,0,0,0,0,0,0,1,7,0,NULL,1,2003-01-16 00:00:00.000,1
22632,30,0,0,0,0,0,8540,0,1,0,0,0,0,0,0,0,0,1,0,NULL,1,2003-01-16 00:00:00.000,1
22633,30,0,0,0,3,0,8421,0,0,0,0,0,0,0,0,0,0,4,1,NULL,1,2003-01-16 00:00:00.000,1
22517,30,9297,0,1019,307,0,7287,1,42599,0,0,628,0,39,2,0,81,187,0,NULL,122,2003-01-16 00:00:00.000,1
22613,30,1,0,0,0,0,8293,0,1,0,0,0,0,0,0,0,24,25,7,NULL,2,2003-01-16 00:00:00.000,1
22620,30,0,0,0,0,0,8262,0,0,0,0,0,0,0,0,0,0,4,0,NULL,0,2003-01-16 00:00:00.000,1
22621,30,0,0,0,0,0,8513,0,0,0,0,0,0,0,0,0,0,1,0,NULL,1,2003-01-16 00:00:00.000,1
22623,30,0,0,0,0,0,8135,0,0,0,0,0,0,0,0,0,1,3,0,NULL,1,2003-01-16 00:00:00.000,1
22634,30,0,0,0,0,0,8530,0,0,0,0,0,0,0,0,0,1,2,0,NULL,1,2003-01-16 00:00:00.000,1
22518,30,6438,6,1651,456,1,6170,2,3381,7,0,470,12,3491,14,16,3175,9147,0,NULL,403,2003-01-16 00:00:00.000,1
22520,30,27698,7,2637,0,5,7415,7,65007,8,1,18,22,370,8,29,203,625,0,NULL,648,2003-01-16 00:00:00.000,1
22519,30,23150,0,1770,0,3,5660,2,45771,3,0,8,0,217,4,32,154,337,0,NULL,256,2003-01-16 00:00:00.000,1
22526,30,31891,5,1770,4,1,7745,8,51781,12,1,171,15,269,6,42,140,335,0,NULL,190,2003-01-16 00:00:00.000,1
22527,30,4364,0,1018,356,5,6183,3,2208,3,0,526,7,2632,9,1359,2622,6725,0,NULL,288,2003-01-16 00:00:00.000,1
22528,30,35866,8,2151,134,1,5378,10,60294,9,1,63,21,210,7,59,126,252,0,NULL,235,2003-01-16 00:00:00.000,1
22636,30,1,75,236,998,101,8030,6,1676,0,0,2,0,1,0,1,6,7,2,NULL,1103,2003-01-21 00:00:00.000,1
22638,30,0,0,0,57150,0,9455,0,0,0,0,0,0,0,0,0,0,7,0,NULL,0,2003-01-21 00:00:00.000,1
22640,30,0,0,0,4,0,8355,0,0,0,0,0,0,0,0,0,0,4,4,NULL,1,2003-01-21 00:00:00.000,1
22641,30,0,0,0,4,0,8186,0,0,0,0,0,0,0,0,0,0,4,0,NULL,1,2003-01-21 00:00:00.000,1
22616,30,2,0,0,1741,1,6359,0,2,0,0,6,33,0,0,0,8,51,0,NULL,8,2003-01-16 00:00:00.000,1
22628,30,0,0,0,3,0,8344,0,0,0,0,0,0,0,0,0,0,2,0,NULL,0,2003-01-16 00:00:00.000,1
22521,30,506,0,843,425,1,7007,4,37244,0,0,95,0,48,5,0,105,247,0,NULL,117,2003-01-16 00:00:00.000,1
22523,30,22196,0,1323,227,0,6748,14,57433,1,0,24,0,104,4,1,75,171,0,NULL,112,2003-01-16 00:00:00.000,1
22639,30,0,0,0,4,0,8366,0,0,0,0,0,0,0,0,0,0,3,1,NULL,2,2003-01-21 00:00:00.000,1
22530,30,730,0,660,287,0,5638,3,31971,0,0,292,0,32,3,73,82,321,0,NULL,164,2003-01-21 00:00:00.000,1
22531,30,2176,20,811,170,3,4362,2,2151,0,0,574,15,3098,13,9,3318,13119,0,NULL,11,2003-01-21 00:00:00.000,1
22532,30,286,0,460,328,0,5066,0,28181,0,0,37,0,22,2,0,80,200,0,NULL,155,2003-01-21 00:00:00.000,1
22535,30,6550,14,1430,465,5,5762,3,3215,8,0,313,18,3233,15,41,2947,7469,0,NULL,242,2003-01-21 00:00:00.000,1
22536,30,509,0,902,300,0,4668,2,35175,0,0,262,0,40,3,0,74,517,0,NULL,110,2003-01-21 00:00:00.000,1
22537,30,284,0,483,216,0,5001,1,28694,0,0,258,0,26,3,0,70,217,0,NULL,185,2003-01-21 00:00:00.000,1
22538,30,280,0,291,144,0,4277,0,18737,0,0,293,0,15,1,0,44,147,0,NULL,2,2003-01-21 00:00:00.000,1
22543,30,4042,12,1102,274,1,4383,1,2480,0,0,611,11,3335,11,361,3574,11422,0,NULL,124,2003-01-21 00:00:00.000,1
22647,30,0,0,0,0,0,8040,0,1,0,0,0,0,0,0,1,1,6,0,NULL,2,2003-01-22 00:00:00.000,1
22649,30,0,0,0,56902,0,9990,0,0,0,0,0,0,0,0,0,0,3,0,NULL,3,2003-01-22 00:00:00.000,1
22622,30,0,0,0,0,0,8592,0,0,0,0,0,0,0,0,0,0,5,0,NULL,1,2003-01-16 00:00:00.000,1
22626,30,0,0,0,3,0,8402,0,0,0,0,0,0,0,0,0,0,1,0,NULL,0,2003-01-16 00:00:00.000,1
22627,30,0,0,0,0,0,8320,0,0,0,0,0,0,0,0,0,0,5,0,NULL,0,2003-01-16 00:00:00.000,1
22522,30,607,0,886,477,1,7555,3,37126,0,0,1050,0,50,5,136,132,236,0,NULL,244,2003-01-16 00:00:00.000,1
22524,30,4058,0,757,238,0,6329,31,37870,4,0,27,0,164,7,0,156,257,0,NULL,221,2003-01-16 00:00:00.000,1
22635,30,0,0,0,3,0,8659,0,1,0,0,0,0,0,0,0,10,8,1,NULL,0,2003-01-21 00:00:00.000,1
22644,30,1,0,0,0,0,8143,0,1,0,0,0,0,0,0,0,1,7,0,NULL,9,2003-01-21 00:00:00.000,1
22529,30,47,0,204,197,0,3398,0,17925,0,0,29,0,10,0,0,40,126,0,NULL,9,2003-01-21 00:00:00.000,1
22541,30,37133,8,2130,10,2,5929,9,65624,10,1,57,21,369,8,1937,160,452,0,NULL,228,2003-01-21 00:00:00.000,1
22648,30,262,1,0,57958,0,10042,1,0,0,0,0,0,0,0,0,0,3,0,NULL,4,2003-01-22 00:00:00.000,1
22650,30,256,1,0,56572,0,10036,1,0,0,0,0,0,0,0,0,0,3,0,NULL,2,2003-01-22 00:00:00.000,1
22651,30,266,1,0,56236,0,10396,1,1,0,1,0,0,0,0,1,0,4,0,NULL,2,2003-01-22 00:00:00.000,1
22653,30,255,0,0,56328,0,9827,1,0,0,0,0,0,0,0,0,0,2,0,NULL,2,2003-01-22 00:00:00.000,1
22656,30,0,0,0,28,0,8329,0,14,0,0,4,0,0,0,1,1,2,0,NULL,45,2003-01-22 00:00:00.000,1
22657,30,0,0,0,2,0,8465,0,2,0,0,0,0,0,0,0,11,2,0,NULL,0,2003-01-22 00:00:00.000,1
22525,30,140,0,16,12,25,4468,3,259,1,0,1213,16,33,33,111,460,83,0,NULL,20166,2003-01-16 00:00:00.000,1
22642,30,0,0,0,0,0,8267,0,0,0,0,0,0,0,0,0,0,6,0,NULL,1,2003-01-21 00:00:00.000,1
22643,30,0,0,0,1,0,8446,0,1,0,0,0,0,0,0,0,0,1,0,NULL,1,2003-01-21 00:00:00.000,1
22540,30,4880,13,926,369,5,3785,4,2296,9,0,597,20,2845,13,839,2991,9241,0,NULL,228,2003-01-21 00:00:00.000,1
22542,30,14292,0,629,0,1,3297,0,26857,3,0,24,0,114,3,196,77,167,0,NULL,106,2003-01-21 00:00:00.000,1
22659,30,0,0,0,43,0,7926,0,1,0,0,11,0,0,0,0,3,194,0,NULL,1,2003-01-24 00:00:00.000,1
22660,30,0,0,0,0,0,8202,0,0,0,0,0,0,0,0,0,0,2,0,NULL,1,2003-01-23 00:00:00.000,1
22661,30,0,0,0,4,0,8082,0,0,0,0,0,0,0,0,0,0,5,0,NULL,1,2003-01-23 00:00:00.000,1
22662,30,0,0,0,0,0,8280,0,0,0,0,0,0,0,0,2,0,4,0,NULL,0,2003-01-23 00:00:00.000,1
22663,30,1,0,0,0,0,8385,0,0,0,0,0,0,0,0,0,0,2,0,NULL,1,2003-01-23 00:00:00.000,1
22665,30,272,1,0,56144,0,10904,1,0,0,1,0,0,0,0,0,0,12,0,NULL,2,2003-01-28 00:00:00.000,1
22666,30,267,1,1,57162,0,10521,1,0,0,0,0,0,0,0,0,0,8,0,NULL,2,2003-01-28 00:00:00.000,1
22667,30,0,0,0,56519,0,9777,0,0,0,0,0,0,0,0,0,0,9,0,NULL,1,2003-01-28 00:00:00.000,1
22668,30,256,0,0,56388,0,10200,0,0,0,1,0,0,0,0,0,0,3,0,NULL,2,2003-01-28 00:00:00.000,1
22670,30,268,1,0,55959,0,10179,1,0,0,0,0,0,0,0,0,0,3,0,NULL,1,2003-01-28 00:00:00.000,1
22533,30,489,0,780,479,0,7379,3,34911,0,0,22,0,32,4,0,103,241,0,NULL,310,2003-01-21 00:00:00.000,1
22534,30,11224,7,2516,606,4,4968,6,5501,13,0,998,21,5167,20,514,4280,10965,0,NULL,700,2003-01-21 00:00:00.000,1
22539,30,421,0,540,239,1,5007,3,29274,1,0,258,0,31,3,0,64,207,0,NULL,4,2003-01-21 00:00:00.000,1
22654,30,254,0,0,57447,0,9995,1,0,0,0,0,0,0,0,0,0,3,0,NULL,1,2003-01-22 00:00:00.000,1
22655,30,267,0,0,55427,0,9923,1,1,0,0,0,0,0,0,0,0,3,0,NULL,1,2003-01-22 00:00:00.000,1
22658,30,1,0,0,153,15,8259,0,22,0,0,2,0,0,0,0,0,4,0,NULL,1,2003-01-22 00:00:00.000,1
22669,30,265,1,0,56297,0,10443,1,0,0,0,0,0,0,0,0,0,5,0,NULL,2,2003-01-28 00:00:00.000,1
22672,30,271,1,0,56323,0,10413,1,0,0,0,0,0,0,0,1,0,3,0,NULL,1,2003-01-28 00:00:00.000,1
22680,30,0,0,0,189,0,8153,0,52,0,0,0,0,0,0,0,0,2,0,NULL,290,2003-01-28 00:00:00.000,1
22684,30,263,0,0,56064,0,10035,1,0,0,0,0,0,0,0,0,0,3,0,NULL,0,2003-01-28 00:00:00.000,1
22686,30,0,0,0,4,0,8436,0,0,0,0,0,0,0,0,0,1,4,0,NULL,0,2003-01-28 00:00:00.000,1
22689,30,0,0,0,0,0,8396,0,0,0,0,0,0,0,0,0,2,5,0,NULL,1,2003-01-28 00:00:00.000,1
22695,30,0,0,0,0,0,8232,0,0,0,0,0,0,0,0,0,2,3,0,NULL,0,2003-01-28 00:00:00.000,1
22697,30,0,0,0,0,0,8442,0,0,0,0,0,0,0,0,0,2,2,0,NULL,1,2003-01-28 00:00:00.000,1
22515,40,2,0,2,39,4,5092,0,20,1,0,40,3,8,0,0,28,11,21,NULL,7,2003-01-30 00:00:00.000,1
22652,30,255,1,0,56492,0,9732,1,0,0,1,0,0,0,0,0,0,4,0,NULL,1,2003-01-22 00:00:00.000,1
22671,30,285,1,1,55021,0,10740,1,0,0,1,0,0,0,0,0,0,9,0,NULL,2,2003-01-28 00:00:00.000,1
22683,30,0,0,0,189,0,8206,0,47,0,0,1,0,0,0,0,0,2,0,NULL,273,2003-01-28 00:00:00.000,1
22693,30,0,0,0,0,0,8448,0,0,0,0,0,0,0,0,0,0,4,0,NULL,1,2003-01-28 00:00:00.000,1
22636,40,2,0,15,39,2,4801,12,31,0,0,1,0,0,0,0,14,6,20,NULL,26,2003-01-28 00:00:00.000,1
22699,30,3,71,233,1012,104,8237,0,1667,0,0,0,0,1,0,0,2,5,3,NULL,1081,2003-01-29 00:00:00.000,1
22702,30,0,0,0,0,0,8352,0,0,0,0,0,0,0,0,0,0,4,0,NULL,0,2003-01-29 00:00:00.000,1
22703,30,0,0,0,0,0,8333,0,0,0,0,0,0,0,0,0,0,10,0,NULL,0,2003-01-29 00:00:00.000,1
22704,30,0,0,0,0,0,8267,0,0,0,0,0,0,0,0,0,0,5,0,NULL,0,2003-01-29 00:00:00.000,1
22705,30,0,0,0,1,0,8396,0,1,0,0,0,0,0,0,0,12,3,0,NULL,0,2003-01-29 00:00:00.000,1
22706,30,0,0,0,0,0,8060,0,0,0,0,0,0,0,0,0,0,8,0,NULL,2,2003-01-29 00:00:00.000,1
22707,30,0,0,0,1,0,8417,0,0,0,0,0,0,0,0,0,0,3,0,NULL,0,2003-01-29 00:00:00.000,1
22708,30,0,0,0,6,0,8234,0,0,0,0,0,0,0,0,0,0,7,0,NULL,4,2003-01-29 00:00:00.000,1
22709,30,1,0,0,3,0,8614,0,1,0,0,0,0,0,0,0,0,2,4,NULL,3,2003-01-29 00:00:00.000,1
22710,30,1,0,0,136,10,8475,0,23,0,0,2,0,0,0,0,2,3,0,NULL,4,2003-01-29 00:00:00.000,1
22664,30,0,0,0,0,0,8452,0,0,0,0,0,0,0,0,0,1,5,0,NULL,0,2003-01-23 00:00:00.000,1
22711,30,0,0,0,131,13,8338,0,23,0,0,3,0,0,0,2,3,8,0,NULL,6,2003-01-29 00:00:00.000,1
22712,30,1,0,1,146,29,8498,0,17,0,0,2,0,0,0,1,2,2,0,NULL,7,2003-01-29 00:00:00.000,1
22713,30,0,0,0,121,6,8238,0,25,0,0,2,0,0,0,0,5,7,0,NULL,7,2003-01-29 00:00:00.000,1
22719,30,1,1,0,439,1,8504,0,0,0,0,0,0,0,0,0,7,4,4,NULL,1,2003-01-30 00:00:00.000,1
22720,30,2,0,4,153,21,8723,0,15,0,0,12,0,1,1,0,23,4,0,NULL,55,2003-01-30 00:00:00.000,1
22722,30,0,0,0,0,0,8363,0,0,0,0,0,0,0,0,0,0,3,0,NULL,0,2003-01-30 00:00:00.000,1
22723,30,0,0,0,0,0,8695,0,0,0,0,0,0,0,0,0,0,7,0,NULL,0,2003-01-30 00:00:00.000,1
22724,30,0,0,0,0,0,8271,0,0,0,0,0,0,0,0,0,0,3,0,NULL,0,2003-01-30 00:00:00.000,1
22725,30,0,0,0,0,0,8481,0,0,0,0,0,0,0,0,0,0,5,0,NULL,0,2003-01-30 00:00:00.000,1
22726,30,0,0,0,0,0,8198,0,0,0,0,0,0,0,0,1,0,5,0,NULL,1,2003-01-30 00:00:00.000,1
22727,30,0,0,0,0,0,8310,0,0,0,0,0,0,0,0,0,0,5,0,NULL,1,2003-01-30 00:00:00.000,1
22759,30,3,75,209,955,102,7961,0,1750,0,0,1,0,1,0,1,5,4,2,NULL,1125,2003-02-05 00:00:00.000,1
22760,30,5,75,235,969,106,8000,0,1742,0,0,5,2,1,0,12,3,18,1,NULL,1161,2003-02-05 00:00:00.000,1
22761,30,3,78,237,1025,104,7925,2,1848,0,0,3,0,1,0,1,5,4,0,NULL,1270,2003-02-05 00:00:00.000,1
22673,30,1,0,0,0,0,8602,0,0,0,0,0,0,0,0,0,0,7,0,NULL,1,2003-01-28 00:00:00.000,1
22674,30,1,0,0,0,0,8588,0,0,0,0,0,0,0,0,0,1,7,0,NULL,2,2003-01-28 00:00:00.000,1
22675,30,2,0,0,0,0,8603,0,0,0,0,0,0,0,0,0,1,4,0,NULL,1,2003-01-28 00:00:00.000,1
22676,30,1,0,0,1,0,8612,0,0,0,0,0,0,0,0,0,0,10,0,NULL,1,2003-01-28 00:00:00.000,1
22677,30,0,0,0,0,0,8456,0,0,0,0,0,0,0,0,0,0,4,0,NULL,1,2003-01-28 00:00:00.000,1
22678,30,0,0,0,0,0,8580,0,0,0,0,0,0,0,0,0,0,7,0,NULL,1,2003-01-28 00:00:00.000,1
22679,30,0,0,0,0,0,8480,0,0,0,0,0,0,0,0,8,1,5,0,NULL,0,2003-01-28 00:00:00.000,1
22681,30,0,0,0,192,0,8260,0,49,0,0,3,0,0,0,0,2,2,0,NULL,279,2003-01-28 00:00:00.000,1
22682,30,0,0,0,181,0,8298,0,51,0,0,0,0,0,0,0,0,5,0,NULL,274,2003-01-28 00:00:00.000,1
22691,30,0,0,0,0,0,8403,0,0,0,0,0,0,0,0,0,0,4,0,NULL,0,2003-01-28 00:00:00.000,1
22613,40,2,0,1,30,0,4907,1,8,0,0,3,2,0,1,0,380,10,24,NULL,4,2003-01-28 00:00:00.000,1
22614,40,6,0,2,18,0,4781,3,16,0,0,30,1,1,1,0,414,13,21,NULL,30,2003-01-28 00:00:00.000,1
22698,30,0,0,0,0,0,8435,0,0,0,0,0,0,0,0,0,0,4,0,NULL,0,2003-01-28 00:00:00.000,1
22700,30,4,79,134,1073,100,8324,6,1727,1,0,6,0,1,0,4,10,7,3,NULL,1124,2003-01-29 00:00:00.000,1
22701,30,0,0,0,0,0,8309,0,0,0,0,0,0,0,0,0,0,13,0,NULL,0,2003-01-29 00:00:00.000,1
22714,30,1,0,0,119,1,8311,0,27,0,0,0,0,0,0,0,0,2,0,NULL,4,2003-01-29 00:00:00.000,1
22721,30,0,0,0,174,0,8294,0,55,0,0,2,0,0,0,0,0,3,0,NULL,323,2003-01-30 00:00:00.000,1
22763,30,2,0,0,12,0,7967,0,4,0,0,0,0,0,0,0,0,24,0,NULL,12,2003-02-05 00:00:00.000,1
22766,30,0,0,0,3,0,8127,0,0,0,0,0,0,0,0,0,0,0,0,NULL,3,2003-02-05 00:00:00.000,1
22768,30,0,0,0,3,0,8101,0,0,0,0,0,0,0,0,0,0,24,0,NULL,2,2003-02-05 00:00:00.000,1
22769,30,253,0,0,57767,0,9832,1,0,0,0,0,0,0,0,0,0,8,0,NULL,0,2003-02-05 00:00:00.000,1
22772,30,1,0,0,3,0,8171,0,2,0,0,0,0,0,0,0,0,0,0,NULL,6,2003-02-05 00:00:00.000,1
22783,30,0,0,0,5,0,8274,0,0,0,0,0,0,0,0,0,0,5,0,NULL,1,2003-02-05 00:00:00.000,1
22775,30,0,0,0,183,0,8035,0,48,0,0,1,0,0,0,1,0,3,0,NULL,279,2003-02-05 00:00:00.000,1
22776,30,0,0,0,191,0,8093,0,49,0,0,5,0,0,0,2,3,4,0,NULL,303,2003-02-05 00:00:00.000,1
22777,30,0,0,0,189,0,7927,0,46,0,0,2,0,0,0,0,2,2,0,NULL,275,2003-02-05 00:00:00.000,1
22778,30,0,0,0,188,0,8019,0,49,0,0,0,0,0,0,0,0,2,0,NULL,290,2003-02-05 00:00:00.000,1
22789,30,0,0,0,5,0,8526,0,0,0,0,0,0,0,0,0,1,2,0,NULL,5,2003-02-06 00:00:00.000,1
22700,40,2,4,18,79,7,4742,11,101,0,0,3,0,0,0,0,16,5,13,NULL,97,2003-02-06 00:00:00.000,1
22720,40,8,0,5,70,7,4485,0,34,6,0,65,1,18,1,0,61,19,13,NULL,34,2003-02-06 00:00:00.000,1
22715,30,15,2,75,1330,129,8015,2,1845,1,0,3,0,2,0,4,9,16,1,NULL,1442,2003-01-30 00:00:00.000,1
22716,30,0,0,0,60,0,8332,0,1,0,0,0,0,0,0,0,1,8,0,NULL,2,2003-01-30 00:00:00.000,1
22717,30,0,0,0,56,0,8336,0,5,0,0,0,0,0,0,0,1,10,0,NULL,1,2003-01-30 00:00:00.000,1
22718,30,0,0,0,55,0,8264,0,3,0,0,0,0,0,0,0,1,4,0,NULL,1,2003-01-30 00:00:00.000,1
22728,30,9,0,3,807,0,8367,0,8,1,0,42,0,8,5,7,179,2,7,NULL,183,2003-01-30 00:00:00.000,1
22762,30,3,68,237,1017,90,8232,4,1722,0,0,4,0,1,0,4,7,9,2,NULL,1139,2003-02-05 00:00:00.000,1
22764,30,1,0,0,2,0,8225,0,1,0,0,0,0,0,0,0,0,18,0,NULL,2,2003-02-05 00:00:00.000,1
22765,30,1,0,0,1,0,8182,0,1,0,0,0,0,0,0,0,0,8,0,NULL,2,2003-02-05 00:00:00.000,1
22767,30,1,0,0,2,0,8103,0,0,0,0,0,0,0,0,0,1,3,0,NULL,2,2003-02-05 00:00:00.000,1
22770,30,0,0,0,5,0,8143,0,0,0,0,0,0,0,0,0,0,1,0,NULL,1,2003-02-05 00:00:00.000,1
22771,30,1,0,0,1,0,7937,0,1,0,0,0,0,0,0,0,0,1,0,NULL,1,2003-02-05 00:00:00.000,1
22773,30,0,0,0,4,0,8314,0,1,0,0,0,0,0,0,0,6,28,0,NULL,0,2003-02-05 00:00:00.000,1
22774,30,0,0,0,186,0,7993,0,46,0,0,5,0,0,0,1,3,2,0,NULL,284,2003-02-05 00:00:00.000,1
22780,30,0,0,0,5,0,8420,0,1,0,0,0,0,0,0,0,0,3,0,NULL,1,2003-02-05 00:00:00.000,1
22781,30,0,0,0,4,0,8032,0,2,0,0,0,0,0,0,0,0,2,0,NULL,1,2003-02-05 00:00:00.000,1
22782,30,0,0,0,4,0,8215,0,0,0,0,0,0,0,0,0,0,3,0,NULL,0,2003-02-05 00:00:00.000,1
22784,30,0,0,0,1,0,8153,0,0,0,0,0,0,0,0,0,0,4,0,NULL,0,2003-02-05 00:00:00.000,1
22785,30,0,0,0,3,0,8223,0,1,0,0,0,0,0,0,0,0,8,0,NULL,1,2003-02-05 00:00:00.000,1
22779,30,1,0,0,56,0,8127,0,0,0,0,19,1,0,1,0,68,4,0,NULL,1,2003-02-05 00:00:00.000,1
22786,30,1,0,0,155,3,8508,0,2,0,0,6,0,0,0,0,2,1,5,NULL,18,2003-02-06 00:00:00.000,1
22787,30,0,0,0,3,0,8207,0,0,0,0,0,0,0,0,0,4,6,0,NULL,2,2003-02-06 00:00:00.000,1
22788,30,0,0,0,7,0,8765,0,0,0,0,0,0,0,0,0,1,1,3,NULL,5,2003-02-06 00:00:00.000,1
22790,30,0,0,0,5,0,8604,0,0,0,0,0,0,0,0,0,0,1,1,NULL,5,2003-02-06 00:00:00.000,1
22791,30,0,1,0,6,0,8646,0,0,0,0,0,0,0,0,0,1,2,2,NULL,4,2003-02-06 00:00:00.000,1
22792,30,0,0,0,5,0,8765,0,0,0,0,0,0,0,0,1,1,2,1,NULL,8,2003-02-06 00:00:00.000,1
22793,30,1,0,0,3,0,8621,0,0,0,0,0,0,0,0,0,1,2,0,NULL,3,2003-02-06 00:00:00.000,1
22794,30,0,0,0,2,0,8469,0,0,0,0,0,0,0,0,0,1,2,0,NULL,3,2003-02-06 00:00:00.000,1
22795,30,0,0,0,4,0,8228,0,0,0,0,0,0,0,0,0,0,2,0,NULL,0,2003-02-06 00:00:00.000,1
22705,40,7,0,3,46,0,4885,3,38,0,0,7,0,1,7,0,873,28,19,NULL,23,2003-02-06 00:00:00.000,1
22728,40,3,0,1,52,0,4843,0,7,0,0,21,0,27,0,0,56,11,20,NULL,14,2003-02-06 00:00:00.000,1
22779,40,1,0,0,53,0,4773,0,3,0,0,332,14,0,1,0,252,6,15,NULL,1,2003-02-06 00:00:00.000,1
22729,30,1343,1,248,157,1,5778,0,900,1,0,67,0,724,4,17,1032,2997,0,NULL,22,2003-02-07 00:00:00.000,1
22732,30,13,0,263,144,0,3471,0,19555,0,0,16,0,12,1,0,46,262,0,NULL,140,2003-02-07 00:00:00.000,1
22734,30,42661,9,1400,5,3,4919,12,68351,10,1,18,18,54,7,25,51,200,0,NULL,175,2003-02-07 00:00:00.000,1
22735,30,32506,3,1227,0,1,6124,9,54186,4,0,5,0,58,4,10,36,134,0,NULL,97,2003-02-07 00:00:00.000,1
22739,30,3497,0,1197,285,1,4669,1,2592,0,0,1712,7,3071,9,13,2966,8191,0,NULL,446,2003-02-07 00:00:00.000,1
22740,30,402,0,770,272,0,4434,3,29468,0,0,25,0,33,3,0,58,218,0,NULL,4,2003-02-07 00:00:00.000,1
22741,30,573,0,603,330,0,5006,0,25789,0,0,263,0,34,0,0,50,186,0,NULL,109,2003-02-07 00:00:00.000,1
22742,30,1476,4,177,192,1,5339,5,635,4,0,376,5,547,4,493,803,2384,0,NULL,165,2003-02-07 00:00:00.000,1
22743,30,22386,7,3251,0,2,5356,14,65688,9,1,2860,35,257,12,117,460,679,0,NULL,134,2003-02-07 00:00:00.000,1
22744,30,20831,5,3203,0,1,6399,14,66972,8,1,2812,21,263,12,80,519,652,0,NULL,150,2003-02-07 00:00:00.000,1
22745,30,2379,0,297,260,1,5963,1,1091,2,0,642,0,1065,5,89,1358,3534,0,NULL,24,2003-02-07 00:00:00.000,1
22747,30,18362,0,379,0,0,5100,0,29965,0,0,38,0,34,0,1,25,90,0,NULL,119,2003-02-07 00:00:00.000,1
22748,30,25584,5,2748,26,3,8237,7,58086,5,0,8,16,326,8,32,198,495,0,NULL,102,2003-02-07 00:00:00.000,1
22749,30,296,0,596,393,0,6172,2,29713,3,0,221,0,36,6,0,94,175,0,NULL,115,2003-02-07 00:00:00.000,1
22730,30,25994,0,599,0,1,5005,3,37652,0,0,6,0,32,1,0,30,207,0,NULL,5,2003-02-07 00:00:00.000,1
22733,30,8245,3,1963,496,2,5805,2,4384,7,0,590,15,4185,15,60,3612,9845,0,NULL,131,2003-02-07 00:00:00.000,1
22736,30,598,0,906,371,0,6766,3,38179,0,0,52,0,40,4,0,81,243,0,NULL,202,2003-02-07 00:00:00.000,1
22737,30,31737,0,2046,8,2,4155,0,53508,0,0,367,0,250,1,60,125,293,0,NULL,207,2003-02-07 00:00:00.000,1
22738,30,19391,3,894,117,2,4877,2,31429,3,0,103,0,118,4,30,74,162,0,NULL,184,2003-02-07 00:00:00.000,1
22746,30,24357,0,462,0,0,4285,0,34694,0,0,1,0,31,0,0,20,80,0,NULL,110,2003-02-07 00:00:00.000,1
22751,30,375,0,711,513,0,6690,1,32045,0,0,26,0,35,3,0,85,184,0,NULL,4,2003-02-07 00:00:00.000,1
22752,30,319,0,605,426,0,5622,3,30702,0,0,17,0,32,4,0,77,192,0,NULL,2,2003-02-07 00:00:00.000,1
22754,30,28424,0,1312,0,1,6832,5,50054,1,0,208,0,106,3,12,69,168,0,NULL,9,2003-02-07 00:00:00.000,1
22755,30,36694,5,2439,25,1,6789,11,60540,7,1,2123,11,311,9,56,241,341,0,NULL,295,2003-02-07 00:00:00.000,1
22756,30,1978,0,208,214,1,4556,0,870,0,0,158,0,678,3,30,953,2777,0,NULL,13,2003-02-07 00:00:00.000,1
22799,30,3,0,0,1734,0,6546,0,1,0,0,21,1,0,0,0,1,15,0,NULL,3,2003-02-12 00:00:00.000,1
22800,30,0,0,0,3,0,8275,0,1,0,0,0,0,0,0,0,0,16,0,NULL,1,2003-02-12 00:00:00.000,1
22801,30,0,0,0,5,0,8334,0,0,0,0,0,0,0,0,0,0,13,0,NULL,0,2003-02-12 00:00:00.000,1
22802,30,0,0,0,1,0,8346,0,1,0,0,0,0,0,0,0,0,11,0,NULL,2,2003-02-12 00:00:00.000,1
22731,30,27188,0,1622,165,3,7664,3,45921,3,0,36,0,293,4,50,138,395,0,NULL,231,2003-02-07 00:00:00.000,1
22753,30,2992,0,515,224,1,5053,2,1597,1,0,1414,5,1649,6,900,1665,4249,0,NULL,103,2003-02-07 00:00:00.000,1
22757,30,45312,3,1862,0,1,4931,6,61443,19,0,2471,10,252,7,85,165,488,0,NULL,223,2003-02-07 00:00:00.000,1
22758,30,36274,2,1542,0,1,4878,5,52621,17,0,1175,12,250,6,58,142,512,0,NULL,8,2003-02-07 00:00:00.000,1
22803,30,0,0,0,3,0,8453,0,1,0,0,0,0,0,0,1,0,7,0,NULL,2,2003-02-12 00:00:00.000,1
22804,30,0,0,0,1,0,8613,0,0,0,0,0,0,0,0,0,0,6,0,NULL,3,2003-02-12 00:00:00.000,1
22805,30,0,0,0,1,0,8261,0,1,0,0,0,0,0,0,0,0,6,0,NULL,0,2003-02-12 00:00:00.000,1
22827,30,0,0,0,2,0,8330,0,1,0,0,0,0,0,0,0,0,6,0,NULL,0,2003-02-12 00:00:00.000,1
22831,30,0,0,0,2,0,8480,0,1,0,0,0,0,0,0,1,0,5,0,NULL,4,2003-02-12 00:00:00.000,1
22832,30,1,0,0,1,0,8597,0,0,0,0,0,0,0,0,1,5,26,0,NULL,3,2003-02-12 00:00:00.000,1
22833,30,1,82,252,997,105,7983,2,1824,0,0,1,0,1,0,1,4,13,0,NULL,1252,2003-02-12 00:00:00.000,1
22834,30,0,0,0,202,0,8031,0,64,0,0,1,0,0,0,0,0,7,0,NULL,396,2003-02-12 00:00:00.000,1
22837,30,251,0,0,57514,0,9737,0,0,0,0,0,0,0,0,0,0,10,0,NULL,0,2003-02-12 00:00:00.000,1
22838,30,0,0,0,10,0,8396,0,3,0,0,0,0,0,0,0,0,7,0,NULL,0,2003-02-12 00:00:00.000,1
22806,30,37122,11,2995,13,5,6107,11,77968,9,1,6,36,337,11,44,295,931,0,NULL,175,2003-02-12 00:00:00.000,1
22750,30,6151,0,1182,406,0,4924,1,2845,1,0,2075,4,3181,9,0,2694,6462,0,NULL,178,2003-02-07 00:00:00.000,1
22796,30,24,4,0,69,0,6999,1,6,0,0,0,2,1,0,1,1,0,0,NULL,3033,2003-02-07 00:00:00.000,1
22797,30,76,1,15,0,1,7285,0,364,0,0,0,5,1,1,4,5,59,0,NULL,7355,2003-02-07 00:00:00.000,1
22798,30,0,0,0,4,0,8370,0,0,0,0,0,0,0,0,0,0,7,0,NULL,0,2003-02-12 00:00:00.000,1
22808,30,32276,11,3006,9,4,7468,12,66031,12,1,59,35,376,12,41,303,687,0,NULL,140,2003-02-12 00:00:00.000,1
22810,30,1745,0,180,162,0,5551,0,759,0,0,280,0,558,2,122,795,2373,0,NULL,11,2003-02-12 00:00:00.000,1
22811,30,36427,7,2061,18,2,6529,14,68439,8,1,1922,27,240,11,59,277,488,0,NULL,148,2003-02-12 00:00:00.000,1
22812,30,32388,8,1842,10,2,6029,14,63236,10,1,1056,34,236,10,59,234,595,0,NULL,126,2003-02-12 00:00:00.000,1
22813,30,6410,1,1716,481,1,6124,2,3340,2,0,848,9,3444,11,1077,3143,8060,0,NULL,628,2003-02-12 00:00:00.000,1
22814,30,26298,0,1881,156,1,4828,6,65012,12,0,1614,7,173,6,47,199,591,0,NULL,382,2003-02-12 00:00:00.000,1
22816,30,3272,0,560,355,0,5861,0,1628,2,0,1533,0,1730,6,84,1856,4608,0,NULL,182,2003-02-12 00:00:00.000,1
22817,30,4935,0,925,385,1,5415,0,2461,4,2,2042,1,2630,9,195,2462,6243,0,NULL,117,2003-02-12 00:00:00.000,1
22841,30,2,0,0,434,0,7807,1,1,2,0,0,0,0,2,0,199,2,3,NULL,0,2003-02-14 00:00:00.000,1
22845,30,0,0,0,358,0,7985,0,0,0,0,0,0,0,0,0,0,9,4,NULL,0,2003-02-13 00:00:00.000,1
22846,30,0,0,0,377,0,7933,0,0,0,0,0,0,0,0,0,0,0,2,NULL,6,2003-02-13 00:00:00.000,1
22637,30,0,0,0,3,0,8390,0,1,0,0,0,0,0,0,0,3,15,0,NULL,1,2003-02-12 00:00:00.000,1
22826,30,0,0,0,3,0,8274,0,1,0,0,0,0,0,0,0,0,6,0,NULL,0,2003-02-12 00:00:00.000,1
22830,30,1,0,0,0,0,8274,0,0,0,0,0,0,0,0,1,0,13,0,NULL,3,2003-02-12 00:00:00.000,1
22843,30,0,0,0,386,0,8008,0,0,0,0,0,0,0,0,0,0,1,2,NULL,3,2003-02-13 00:00:00.000,1
22847,30,0,0,0,402,0,8087,0,0,0,0,0,0,0,0,0,0,2,2,NULL,2,2003-02-13 00:00:00.000,1
22848,30,0,0,0,393,0,8155,0,1,0,0,0,0,0,0,0,1,0,3,NULL,4,2003-02-13 00:00:00.000,1
22849,30,0,0,0,421,0,7972,0,0,0,0,0,0,0,0,0,0,0,7,NULL,1,2003-02-13 00:00:00.000,1
22850,30,0,0,0,416,0,8068,0,0,0,0,0,0,0,0,0,0,0,5,NULL,1,2003-02-13 00:00:00.000,1
22853,30,0,0,0,405,0,7959,0,0,0,0,0,0,0,0,0,0,1,2,NULL,2,2003-02-13 00:00:00.000,1
22854,30,0,0,0,368,0,8048,0,0,0,0,0,0,0,0,0,0,1,2,NULL,6,2003-02-13 00:00:00.000,1
22857,30,0,0,0,380,0,7989,0,1,0,0,0,0,0,0,0,0,0,1,NULL,1,2003-02-13 00:00:00.000,1
22860,30,0,0,0,408,0,7949,0,0,0,0,0,0,0,0,0,0,3,1,NULL,3,2003-02-13 00:00:00.000,1
22861,30,0,0,0,391,0,7983,0,0,0,0,0,0,0,0,0,0,1,1,NULL,1,2003-02-13 00:00:00.000,1
22866,30,0,0,0,395,0,7846,0,0,0,0,0,0,0,0,0,0,2,2,NULL,1,2003-02-13 00:00:00.000,1
22868,30,0,0,0,424,0,7998,0,0,0,0,0,0,0,0,0,0,1,4,NULL,1,2003-02-13 00:00:00.000,1
22835,30,3,0,0,1729,0,6490,0,1,0,0,7,1,0,0,0,1,12,0,NULL,2,2003-02-12 00:00:00.000,1
22836,30,0,0,0,54,0,8049,0,3,0,0,1,0,0,0,0,4,8,0,NULL,1,2003-02-12 00:00:00.000,1
22807,30,31133,7,1464,0,2,6125,12,63373,7,1,5,27,114,7,21,77,538,0,NULL,231,2003-02-12 00:00:00.000,1
22809,30,30542,0,1320,0,2,4938,8,60901,2,0,8,19,99,5,4,90,560,0,NULL,155,2003-02-12 00:00:00.000,1
22842,30,1,0,0,386,0,7916,1,1,1,0,0,0,0,5,1,73,5,2,NULL,1,2003-02-13 00:00:00.000,1
22851,30,0,0,0,404,0,8141,0,0,0,0,0,0,0,0,0,0,0,4,NULL,0,2003-02-13 00:00:00.000,1
22852,30,0,0,0,402,0,8147,0,0,0,0,0,0,0,0,0,0,1,4,NULL,1,2003-02-13 00:00:00.000,1
22859,30,0,0,0,438,0,8057,1,0,2,0,0,0,0,2,0,181,1,6,NULL,0,2003-02-13 00:00:00.000,1
22863,30,0,0,0,402,0,7813,0,0,0,0,0,0,0,0,0,0,1,0,NULL,3,2003-02-13 00:00:00.000,1
22870,30,0,0,0,416,0,7942,0,0,0,0,0,0,0,0,0,0,0,2,NULL,0,2003-02-13 00:00:00.000,1
22874,30,0,0,0,401,0,7960,0,0,0,0,0,0,0,0,0,0,1,2,NULL,3,2003-02-13 00:00:00.000,1
22841,40,56,3,7,249,0,4746,23,19,66,0,15,0,8,78,1,5859,53,14,NULL,13,2003-02-13 00:00:00.000,1
22842,40,13,0,3,291,0,5141,7,12,9,0,5,0,4,83,0,1773,27,2,NULL,8,2003-02-13 00:00:00.000,1
22859,40,9,1,2,124,0,5101,17,13,46,0,9,0,2,40,0,3906,18,2,NULL,6,2003-02-13 00:00:00.000,1
22864,40,39,2,5,202,0,4965,17,22,47,0,10,0,5,54,4,4465,39,10,NULL,15,2003-02-13 00:00:00.000,1
30274,40,4,0,1,9,0,5971,0,4,0,0,0,0,0,0,0,7,3,8,NULL,11,2005-09-08 00:00:00.000,1
30291,30,1,0,0,558,0,9302,0,1,0,0,18,2,0,0,1,13,4,0,NULL,1,2005-09-08 00:00:00.000,1
30270,30,16,4,1,224,0,8463,2,8,0,0,29,3,2,1,7,91,3,44,NULL,112,2005-09-08 00:00:00.000,1
30318,30,1,0,0,0,0,8918,0,1,0,0,0,0,0,0,0,0,1,0,NULL,1,2005-09-08 00:00:00.000,1
30307,30,2,0,0,0,0,8973,0,5,0,0,0,0,0,0,1,0,0,0,NULL,3,2005-09-08 00:00:00.000,1
30311,30,288,0,0,50110,0,9866,0,0,0,0,0,0,0,0,0,0,0,0,NULL,0,2005-09-08 00:00:00.000,1
30354,40,8,0,10,27,1,5839,11,22,2,0,53,0,12,5,3,845,40,26,NULL,100,2005-09-08 00:00:00.000,1
30357,40,8,0,10,22,1,5724,12,14,1,0,52,0,13,5,1,865,39,17,NULL,47,2005-09-08 00:00:00.000,1
30332,30,6,27,36,1035,48,8574,0,2165,0,0,7,0,2,1,1,5,4,0,NULL,1235,2005-09-09 00:00:00.000,1
30362,30,1,1,1,168,26,9197,0,8,0,0,1,0,0,1,2,11,5,5,NULL,10,2005-09-13 00:00:00.000,1
30291,40,13,0,2,50,0,5941,1,17,3,0,538,23,2,4,11,246,30,5,NULL,16,2005-09-13 00:00:00.000,1
30288,40,3,0,1,0,0,5831,0,5,0,0,1,0,0,0,0,3,1,0,NULL,8,2005-09-13 00:00:00.000,1
30363,40,32,3,12,81,26,6001,2,66,0,0,3,0,12,11,34,277,48,23,NULL,23,2005-09-13 00:00:00.000,1
30365,40,13,0,4,5,87,5704,1,27,0,0,4,0,6,2,7,93,24,0,NULL,32,2005-09-13 00:00:00.000,1
30362,40,18,3,8,8,75,5639,1,40,0,0,4,0,7,2,5,156,42,5,NULL,16,2005-09-13 00:00:00.000,1
30290,30,1,0,0,0,0,9248,0,4,0,0,0,1,0,0,1,1,1,0,NULL,4,2005-09-08 00:00:00.000,1
30269,30,6488,6,1140,446,4,6079,2,3029,6,0,392,13,8529,12,12,3524,7374,0,NULL,16,2005-09-08 00:00:00.000,1
30312,30,0,0,0,0,0,8358,0,0,0,0,0,0,0,0,0,0,0,0,NULL,0,2005-09-08 00:00:00.000,1
30352,30,0,0,0,741,0,8463,0,8,0,0,0,0,0,0,0,14,11,0,NULL,1,2005-09-08 00:00:00.000,1
30354,30,2,0,1,741,0,8398,0,8,0,0,2,0,0,0,1,20,11,6,NULL,3,2005-09-08 00:00:00.000,1
30352,40,7,0,3,20,0,5980,3,18,2,0,3,0,3,1,1,261,23,10,NULL,45,2005-09-08 00:00:00.000,1
30366,30,1,1,1,177,28,9632,0,8,0,0,4,0,0,1,2,12,2,9,NULL,9,2005-09-13 00:00:00.000,1
30358,40,4,0,1,0,0,5575,0,4,0,0,2,2,1,0,2,7,5,0,NULL,3,2005-09-13 00:00:00.000,1
30319,30,0,1,0,3,0,8974,0,0,0,0,0,0,0,0,1,0,0,5,NULL,0,2005-09-13 00:00:00.000,1
30320,30,0,1,0,0,0,8898,0,0,0,0,0,0,0,0,0,0,1,1,NULL,0,2005-09-13 00:00:00.000,1
30339,30,26838,0,1729,0,2,9503,0,50018,2,0,6,0,180,3,6,139,304,0,NULL,197,2005-09-13 00:00:00.000,1
30340,30,13276,0,1105,14,724,7835,0,42531,0,0,20,0,121,7,4,166,242,0,NULL,145,2005-09-13 00:00:00.000,1
30341,30,20655,0,1211,52,1,5613,1,41529,1,0,2,0,86,3,4,106,181,0,NULL,95,2005-09-13 00:00:00.000,1
30343,30,5357,0,317,4,817,7345,1,25822,0,0,3,0,38,7,4,84,84,0,NULL,10,2005-09-13 00:00:00.000,1
30345,30,3,1,0,2,0,7813,0,4,0,0,0,0,0,0,0,0,16,0,NULL,8,2005-09-13 00:00:00.000,1
30271,30,47,3,1,222,1,7945,5,16,1,0,65,3,16,4,11,230,11,226,NULL,189,2005-09-08 00:00:00.000,1
30303,30,0,0,0,0,0,8335,0,0,0,0,0,2,0,0,2,0,0,0,NULL,1,2005-09-08 00:00:00.000,1
30305,30,1,0,0,0,0,9045,0,4,0,0,1,0,0,0,0,0,1,0,NULL,5,2005-09-08 00:00:00.000,1
30316,30,1,0,0,0,0,9232,0,0,0,0,0,0,0,0,0,0,0,0,NULL,0,2005-09-08 00:00:00.000,1
30317,30,1,0,0,0,0,8979,0,1,0,0,0,1,0,0,1,9,0,0,NULL,5,2005-09-08 00:00:00.000,1
30310,30,2,0,0,0,0,8906,0,1,0,0,0,1,0,0,0,0,0,0,NULL,1,2005-09-08 00:00:00.000,1
30286,30,0,0,0,0,0,9406,0,0,0,0,0,0,0,0,0,0,0,0,NULL,1,2005-09-08 00:00:00.000,1
30315,30,0,0,0,180,0,6510,0,0,0,0,0,4,1,0,0,1,0,0,NULL,2,2005-09-13 00:00:00.000,1
30321,30,0,1,0,2,0,8876,0,0,0,0,0,0,0,0,1,0,2,5,NULL,0,2005-09-13 00:00:00.000,1
30322,30,0,1,0,0,0,8767,0,0,0,0,0,0,0,0,1,0,3,3,NULL,0,2005-09-13 00:00:00.000,1
30346,30,1,1,0,0,0,7747,0,1,0,0,0,0,0,0,0,0,0,0,NULL,2,2005-09-13 00:00:00.000,1
30348,30,1,0,1,0,0,7682,0,1,0,0,0,0,0,0,1,0,0,0,NULL,4,2005-09-13 00:00:00.000,1
30353,30,0,1,0,0,0,7775,0,0,0,0,0,0,0,0,0,0,9,0,NULL,5,2005-09-13 00:00:00.000,1
30374,30,5,74,135,1029,102,8809,0,1906,0,1,7,0,1,0,1,3,3,4,NULL,1089,2005-09-15 00:00:00.000,1
30378,30,0,0,0,10,0,9290,0,2,0,0,0,0,0,0,1,0,0,4,NULL,1,2005-09-16 00:00:00.000,1
30330,30,1,0,0,1,0,9232,0,6,0,0,1,1,0,0,7,1,0,0,NULL,4,2005-09-09 00:00:00.000,1
30334,30,1,42,64,1012,66,8600,1,2093,0,0,1,0,1,0,1,3,1,0,NULL,1217,2005-09-09 00:00:00.000,1
30366,40,4,1,2,0,5,5663,0,12,0,0,5,0,5,1,6,88,15,0,NULL,6,2005-09-13 00:00:00.000,1
30349,30,4,1,0,0,0,7631,0,5,0,0,0,0,0,0,1,0,16,0,NULL,1,2005-09-13 00:00:00.000,1
30351,30,1,1,0,0,0,8193,0,1,0,0,0,0,0,0,1,0,0,0,NULL,3,2005-09-13 00:00:00.000,1
30355,30,1,1,0,0,0,7994,0,2,0,0,0,0,0,0,1,0,2,0,NULL,2,2005-09-13 00:00:00.000,1
30377,30,0,0,0,3,0,9671,0,0,0,0,0,0,0,0,0,0,0,2,NULL,0,2005-09-16 00:00:00.000,1
30380,30,2,77,145,1038,97,8805,2,1985,0,0,3,0,1,0,2,6,2,2,NULL,1196,2005-09-16 00:00:00.000,1
30360,30,1229,0,132,173,0,5741,0,12123,1,0,12,0,8,1,0,23,32,0,NULL,6,2005-09-16 00:00:00.000,1
30379,40,1,0,0,0,0,5852,0,1,0,0,7,0,0,0,0,6,2,7,NULL,2,2005-09-20 00:00:00.000,1
30397,30,39,1,150,1312,300,8676,0,1831,1,0,8,0,2,0,5,8,4,6,NULL,1328,2005-09-20 00:00:00.000,1
30398,30,3,0,0,63,0,8919,0,12,0,0,1,1,0,0,11,0,0,12,NULL,19,2005-09-20 00:00:00.000,1
30399,30,0,0,0,4,0,9136,0,1,0,0,0,0,0,0,0,0,0,2,NULL,0,2005-09-20 00:00:00.000,1
30400,30,1,0,0,10,0,8949,0,4,0,0,0,0,0,0,0,0,0,0,NULL,9,2005-09-20 00:00:00.000,1
30402,30,0,0,0,0,0,8103,0,2,0,0,0,0,0,0,0,0,0,0,NULL,0,2005-09-27 00:00:00.000,1
30347,30,1,0,0,0,0,8415,0,1,0,0,0,0,0,0,0,0,1,0,NULL,1,2005-09-16 00:00:00.000,1
30375,30,5,76,244,1032,106,8904,0,1823,1,0,5,2,2,0,14,3,15,5,NULL,1125,2005-09-16 00:00:00.000,1
30376,30,0,0,0,6,0,9401,0,1,0,0,0,0,0,0,0,0,0,5,NULL,0,2005-09-16 00:00:00.000,1
30361,30,43,0,26,103,600,6305,0,11256,0,0,0,0,5,3,0,11,10,0,NULL,4,2005-09-16 00:00:00.000,1
30403,30,0,1,0,626,0,9353,0,1,0,0,3,0,0,0,1,26,47,2,NULL,1,2005-09-20 00:00:00.000,1
30404,30,0,0,0,0,0,9042,0,0,0,0,0,1,0,0,0,0,0,0,NULL,0,2005-09-20 00:00:00.000,1
30406,30,323,0,0,43744,0,10766,0,0,0,0,0,0,0,0,0,0,0,0,NULL,0,2005-09-20 00:00:00.000,1
30407,30,1,0,0,0,0,8985,0,1,0,0,0,0,0,0,0,0,0,0,NULL,1,2005-09-20 00:00:00.000,1
30408,30,1,0,0,0,0,8928,0,1,0,0,0,0,0,0,0,0,0,0,NULL,1,2005-09-20 00:00:00.000,1
30410,30,1,0,0,0,0,8745,0,2,0,0,0,1,0,0,0,0,0,0,NULL,1,2005-09-20 00:00:00.000,1
30403,40,1,0,0,53,0,6220,0,0,0,0,5,0,0,0,0,43,2,4,NULL,1,2005-09-20 00:00:00.000,1
30412,30,0,0,0,1,0,9168,0,0,0,0,0,1,0,0,1,0,0,0,NULL,0,2005-09-20 00:00:00.000,1
30414,30,0,0,0,3,0,9090,0,0,0,0,0,0,0,0,0,0,2,0,NULL,0,2005-09-20 00:00:00.000,1
30415,30,5,25,12,1095,42,8402,0,2300,0,0,6,0,2,0,1,4,4,1,NULL,1230,2005-09-21 00:00:00.000,1
30415,40,6,1,4,7,1,5784,0,80,0,0,2,0,1,0,1,11,9,0,NULL,26,2005-09-21 00:00:00.000,1
30350,30,0,1,0,0,0,7915,0,0,0,0,0,0,0,0,1,0,0,0,NULL,3,2005-09-13 00:00:00.000,1
30382,30,15592,0,1042,68,1,6893,0,31364,0,0,9,0,108,2,1,125,187,0,NULL,103,2005-09-16 00:00:00.000,1
30401,30,0,0,0,6,0,9095,0,2,0,0,0,0,0,0,0,0,0,2,NULL,0,2005-09-20 00:00:00.000,1
30398,40,1,0,0,0,0,5975,0,2,0,0,0,0,0,0,0,1,2,0,NULL,2,2005-09-20 00:00:00.000,1
30416,30,1,0,0,8,0,9013,0,1,0,0,0,0,0,0,0,0,0,1,NULL,2,2005-09-21 00:00:00.000,1
30417,30,1,0,0,2,0,8731,0,1,0,0,0,0,0,0,2,1,0,0,NULL,2,2005-09-21 00:00:00.000,1
30418,30,0,0,0,2,0,9267,0,0,0,0,1,1,0,0,1,0,0,0,NULL,1,2005-09-21 00:00:00.000,1
30420,30,0,0,0,1,0,9152,0,1,0,0,0,0,0,0,0,0,0,0,NULL,2,2005-09-21 00:00:00.000,1
30424,30,13564,0,2018,0,0,7174,1,44856,7,0,281,0,207,8,24,447,606,0,NULL,140,2005-09-21 00:00:00.000,1
30426,30,16,4,7,243,1,8604,4,13,1,0,48,1,2,3,30,270,25,20,NULL,203,2005-09-21 00:00:00.000,1
30454,30,0,0,0,7,0,9055,0,1,0,0,0,0,0,0,2,1,0,1,NULL,1,2005-09-27 00:00:00.000,1
30455,30,70,0,79,297,0,5798,0,9931,0,0,1,0,5,10,1,19,22,0,NULL,256,2005-09-27 00:00:00.000,1
30456,30,571,1,760,286,1,5769,2,25823,2,0,2,0,111,5,20,174,265,0,NULL,15,2005-09-27 00:00:00.000,1
30452,30,0,0,0,0,0,8290,0,1,0,0,0,0,0,0,0,0,0,0,NULL,1,2005-09-27 00:00:00.000,1
30453,30,320,1,0,46234,0,9556,0,1,0,1,0,0,0,0,0,0,0,0,NULL,0,2005-09-27 00:00:00.000,1
30379,30,1,0,0,10,0,9362,0,2,0,0,2,0,0,0,4,2,0,4,NULL,4,2005-09-16 00:00:00.000,1
30405,30,0,0,0,0,0,9206,0,0,0,0,0,0,0,0,0,1,0,0,NULL,0,2005-09-20 00:00:00.000,1
30411,30,0,0,0,4,0,9164,0,0,0,0,0,0,0,0,1,0,0,0,NULL,0,2005-09-20 00:00:00.000,1
30413,30,0,0,0,1,0,9098,0,0,0,0,0,0,0,0,0,0,3,0,NULL,0,2005-09-20 00:00:00.000,1
30419,30,0,0,0,0,0,9135,0,0,0,0,2,0,0,0,0,0,0,0,NULL,3,2005-09-21 00:00:00.000,1
30421,30,1,0,0,1,0,9304,0,1,0,0,0,0,0,0,0,0,0,0,NULL,5,2005-09-21 00:00:00.000,1
30428,30,5,72,225,1017,98,8811,0,1790,1,0,4,2,2,0,11,3,4,2,NULL,1110,2005-09-22 00:00:00.000,1
30448,30,31,0,46,174,639,7764,0,10733,0,0,0,0,7,6,1,15,12,0,NULL,3,2005-09-27 00:00:00.000,1
30457,30,18138,0,1164,0,2,5463,0,36309,8,0,1049,0,166,10,12,230,265,0,NULL,162,2005-09-27 00:00:00.000,1
30450,30,1,0,0,422,0,8214,0,6,0,0,3,1,0,0,1,14,31,0,NULL,2,2005-09-27 00:00:00.000,1
30458,30,1,0,0,0,0,8671,0,2,0,0,0,0,0,0,0,0,0,0,NULL,0,2005-09-27 00:00:00.000,1
30459,30,2,0,0,3,0,8940,0,1,0,0,0,0,0,0,0,0,0,2,NULL,1,2005-09-28 00:00:00.000,1
30484,40,8,13,37,24,17,5699,0,275,0,0,3,0,1,0,0,10,3,4,NULL,86,2005-09-28 00:00:00.000,1
30460,30,0,0,0,5,0,9277,0,1,0,0,0,1,0,0,0,0,0,0,NULL,0,2005-09-30 00:00:00.000,1
30461,30,0,0,0,4,0,8961,0,0,0,0,0,1,0,0,0,0,0,0,NULL,0,2005-09-30 00:00:00.000,1
30409,30,0,0,0,0,0,8827,0,2,0,0,0,0,0,0,0,0,0,0,NULL,1,2005-09-20 00:00:00.000,1
30422,30,28559,2,421,0,2,6263,7,34572,4,1,841,0,45,2,147,44,99,0,NULL,139,2005-09-21 00:00:00.000,1
30450,40,6,1,4,94,1,6157,2,13,2,0,44,6,3,1,1,100,24,17,NULL,6,2005-09-28 00:00:00.000,1
30463,30,0,0,0,5,0,9021,0,0,0,0,0,0,0,0,0,0,1,0,NULL,0,2005-09-30 00:00:00.000,1
30465,30,0,0,0,3,0,9399,0,0,0,0,0,0,0,0,0,0,0,1,NULL,0,2005-09-30 00:00:00.000,1
30466,30,1,0,0,2,0,8951,0,0,0,0,0,1,0,0,0,0,0,0,NULL,1,2005-09-30 00:00:00.000,1
30467,30,2,0,0,3,0,9208,0,1,0,0,0,0,0,0,0,0,0,1,NULL,1,2005-09-30 00:00:00.000,1
30469,30,10,0,23,1347,399,8526,0,2448,0,0,1,0,2,0,2,3,4,5,NULL,1442,2005-09-30 00:00:00.000,1
30473,30,1,0,0,6,0,9285,0,4,0,0,0,0,0,0,0,1,6,0,NULL,2,2005-09-30 00:00:00.000,1
30474,30,1,0,0,2,0,9331,0,0,0,0,0,0,0,0,0,0,0,1,NULL,0,2005-09-30 00:00:00.000,1
30476,30,1,0,0,0,0,9021,0,5,0,0,0,1,0,0,0,1,2,0,NULL,4,2005-09-30 00:00:00.000,1
30478,30,1,0,0,4,0,9020,0,1,0,0,0,0,0,0,1,0,0,2,NULL,5,2005-09-30 00:00:00.000,1
30479,30,0,0,0,315,0,9022,0,1,0,0,5,2,0,0,1,4,1,0,NULL,1,2005-09-30 00:00:00.000,1
30480,30,0,0,0,6,0,9167,0,1,0,0,0,0,0,0,0,0,0,1,NULL,2,2005-09-30 00:00:00.000,1
30481,30,0,0,0,0,0,9168,0,0,0,0,1,0,0,0,0,0,0,0,NULL,8,2005-09-30 00:00:00.000,1
23058,30,10128,0,1596,0,0,6684,4,39149,0,0,494,0,150,7,24,374,471,0,NULL,177,2003-03-14 00:00:00.000,1
23078,30,0,0,0,3,0,8540,0,0,0,0,0,0,0,0,0,0,1,1,NULL,0,2003-03-19 00:00:00.000,1
23108,30,1,0,0,1,0,8420,0,0,0,0,0,0,0,0,0,0,0,0,NULL,1,2003-03-21 00:00:00.000,1
23109,30,1,0,0,1685,0,6464,0,1,0,0,4,1,0,0,0,4,0,0,NULL,3,2003-03-21 00:00:00.000,1
23113,30,0,0,0,160,11,8389,0,21,0,0,2,0,0,0,0,1,0,0,NULL,1,2003-03-21 00:00:00.000,1
23116,30,0,0,0,4,0,8588,0,0,0,0,0,0,0,0,0,6,0,3,NULL,4,2003-03-25 00:00:00.000,1
23117,30,0,0,0,1,0,8449,0,0,0,0,0,0,0,0,0,3,13,0,NULL,5,2003-03-25 00:00:00.000,1
23118,30,0,0,0,1,0,8561,0,0,0,0,0,0,0,0,1,1,0,0,NULL,1,2003-03-25 00:00:00.000,1
23120,30,1,0,0,0,0,8442,0,1,0,0,0,0,0,0,1,1,15,0,NULL,6,2003-03-25 00:00:00.000,1
23121,30,335,0,6,57001,0,10501,1,1,0,0,0,0,0,0,0,0,4,0,NULL,4,2003-03-25 00:00:00.000,1
23132,30,230,44,300,1556,18,18990,5,784,10,2,1447,59,3,4,25,3174,347,87,NULL,2399,2003-03-26 00:00:00.000,1
23132,40,741,666,25,89,71,17569,64,45,235,6,456,97,671,33,314,7689,84,80,NULL,6810,2003-03-26 00:00:00.000,1
23122,30,4,76,134,1078,105,8137,5,1653,0,0,6,0,1,0,4,9,7,6,NULL,1113,2003-03-27 00:00:00.000,1
23123,30,0,0,0,3,0,8453,0,0,0,0,0,0,0,0,0,0,0,1,NULL,1,2003-03-27 00:00:00.000,1
23124,30,0,0,0,3,0,8487,0,0,0,0,0,0,0,0,0,0,0,2,NULL,0,2003-03-27 00:00:00.000,1
23079,30,0,0,0,0,0,8407,0,0,0,0,0,0,0,0,0,0,0,0,NULL,9,2003-03-19 00:00:00.000,1
23105,30,1,0,0,2,0,8440,0,1,0,0,0,0,0,0,0,0,0,1,NULL,4,2003-03-21 00:00:00.000,1
23110,30,1,0,0,183,4,8375,0,3,0,0,13,0,0,0,2,5,0,23,NULL,21,2003-03-21 00:00:00.000,1
23111,30,0,0,0,5,0,8244,0,0,0,0,0,0,0,0,0,0,0,1,NULL,1,2003-03-21 00:00:00.000,1
23112,30,0,0,0,0,0,8394,0,0,0,0,0,0,0,0,0,1,13,0,NULL,4,2003-03-21 00:00:00.000,1
23125,30,0,0,0,0,0,8441,0,0,0,0,0,0,0,0,0,0,0,0,NULL,0,2003-03-27 00:00:00.000,1
23127,30,0,0,0,5,0,8347,0,1,0,0,0,0,0,0,0,0,2,3,NULL,0,2003-03-27 00:00:00.000,1
23128,30,0,0,0,0,0,8481,0,0,0,0,0,0,0,0,0,0,0,1,NULL,0,2003-03-27 00:00:00.000,1
23129,30,0,0,0,1,0,8246,0,0,0,0,0,0,0,0,0,0,4,0,NULL,0,2003-03-27 00:00:00.000,1
23089,30,9417,1,1002,352,1,5973,5,42780,4,0,54,0,64,6,7,120,228,0,NULL,12,2003-03-27 00:00:00.000,1
23090,30,18194,0,858,0,1,5829,0,29874,6,0,153,0,130,2,0,105,190,0,NULL,16,2003-03-27 00:00:00.000,1
23091,30,7852,0,1467,458,1,5717,2,3009,7,0,625,6,2757,12,526,2436,6275,0,NULL,346,2003-03-27 00:00:00.000,1
23092,30,823,0,1364,320,0,6238,0,33096,0,0,30,0,219,6,32,251,660,0,NULL,9,2003-03-27 00:00:00.000,1
23094,30,639,0,696,366,0,7576,3,33899,7,0,575,0,42,10,0,100,254,0,NULL,104,2003-03-27 00:00:00.000,1
23095,30,410,0,588,246,1,5673,4,27898,2,0,57,0,32,7,4,66,245,0,NULL,5,2003-03-27 00:00:00.000,1
23119,30,0,0,0,0,0,8353,0,1,0,0,0,0,0,0,0,0,1,0,NULL,6,2003-03-25 00:00:00.000,1
23126,30,0,0,0,4,0,8465,0,0,0,0,0,0,0,0,1,0,0,4,NULL,0,2003-03-27 00:00:00.000,1
23130,30,0,0,0,2,0,8386,0,0,0,0,0,0,0,0,9,1,0,1,NULL,0,2003-03-27 00:00:00.000,1
23131,30,0,0,0,1,0,8157,0,0,0,0,0,0,0,0,0,0,0,0,NULL,1,2003-03-27 00:00:00.000,1
23093,30,6821,0,950,440,0,4956,1,1825,0,0,1495,7,2701,8,59,2483,7457,0,NULL,141,2003-03-27 00:00:00.000,1
23100,30,47096,12,1018,2,3,4173,13,64730,9,0,37,34,44,8,28,49,300,0,NULL,110,2003-03-27 00:00:00.000,1
23101,30,11857,0,1791,555,5,4220,2,3776,7,0,647,20,4672,19,689,4694,15334,0,NULL,587,2003-03-27 00:00:00.000,1
23136,30,3,78,226,1006,113,7875,2,1648,0,0,2,0,1,0,2,4,1,0,NULL,1196,2003-03-27 00:00:00.000,1
23137,30,0,0,0,0,0,8044,0,1,0,0,0,0,0,0,1,0,0,0,NULL,1,2003-03-27 00:00:00.000,1
23138,30,0,0,0,0,0,8207,0,0,0,0,0,0,0,0,0,0,0,0,NULL,0,2003-03-27 00:00:00.000,1
23162,30,0,0,0,3,0,8085,0,0,0,0,0,0,0,0,0,0,5,0,NULL,6,2003-04-01 00:00:00.000,1
23165,30,0,0,0,1,0,8044,0,0,0,0,0,0,0,0,0,0,13,0,NULL,8,2003-04-01 00:00:00.000,1
23169,30,0,0,0,1,0,7956,0,0,0,0,0,0,0,0,0,0,0,0,NULL,1,2003-04-01 00:00:00.000,1
23170,30,0,0,0,0,0,7950,0,0,0,0,0,0,0,0,0,0,0,0,NULL,0,2003-04-01 00:00:00.000,1
23171,30,0,0,0,0,0,7898,0,0,0,0,0,0,0,0,0,0,2,0,NULL,5,2003-04-01 00:00:00.000,1
23098,30,11459,0,1825,762,3,5041,2,2868,2,0,525,14,4217,14,78,4145,12561,0,NULL,750,2003-03-27 00:00:00.000,1
23133,30,294,0,0,57713,0,9861,1,0,0,0,0,0,0,0,1,0,5,0,NULL,0,2003-03-27 00:00:00.000,1
23134,30,0,0,0,9,0,8257,0,2,0,0,0,0,0,0,0,10,2,0,NULL,1,2003-03-27 00:00:00.000,1
23135,30,0,0,0,44,0,7882,0,0,0,0,0,0,0,0,0,1,0,0,NULL,0,2003-03-27 00:00:00.000,1
23166,30,0,0,0,0,0,7917,0,0,0,0,0,0,0,0,0,0,22,0,NULL,1,2003-04-01 00:00:00.000,1
23172,30,0,0,0,2,0,8070,0,0,0,0,0,0,0,0,0,1,0,0,NULL,1,2003-04-01 00:00:00.000,1
23173,30,0,0,0,1,0,8033,0,0,0,0,0,0,0,0,0,0,0,0,NULL,0,2003-04-01 00:00:00.000,1
23162,40,2,0,1,0,1,4735,0,4,0,1,4,0,0,0,0,8,9,0,NULL,2,2003-04-11 00:00:00.000,1
23167,40,1,0,0,0,0,4970,0,3,0,0,1,0,0,0,0,2,2,0,NULL,1,2003-04-01 00:00:00.000,1
23168,40,2,0,1,0,0,4782,0,5,0,0,1,0,0,0,0,21,7,0,NULL,3,2003-04-01 00:00:00.000,1
23170,40,2,0,0,0,0,4761,0,4,0,0,1,0,0,0,0,3,7,0,NULL,1,2003-04-01 00:00:00.000,1
23172,40,3,0,1,0,0,4697,0,7,0,0,1,0,0,0,0,28,8,0,NULL,3,2003-04-01 00:00:00.000,1
23173,40,1,0,0,0,0,4878,0,2,0,0,0,0,0,0,0,2,4,0,NULL,0,2003-04-01 00:00:00.000,1
23193,30,2,0,1,272,32,7910,0,21,0,0,36,0,0,1,10,4,1,0,NULL,19,2003-04-02 00:00:00.000,1
23194,30,1,0,1,146,4,8091,0,30,0,0,12,0,1,1,1,5,1,0,NULL,19,2003-04-02 00:00:00.000,1
23167,30,0,0,0,0,0,7941,0,0,0,0,0,0,0,0,0,0,2,0,NULL,0,2003-04-01 00:00:00.000,1
23168,30,0,0,0,2,0,7999,0,0,0,0,0,0,0,0,0,0,13,0,NULL,8,2003-04-01 00:00:00.000,1
23165,40,3,0,1,0,0,4983,0,6,0,0,1,0,0,0,0,12,9,0,NULL,2,2003-04-01 00:00:00.000,1
23191,30,1,0,0,0,0,7672,0,0,0,0,1,0,0,0,1,1,1,0,NULL,1,2003-04-02 00:00:00.000,1
23196,30,0,0,1,151,0,8209,0,11,0,0,17,0,0,0,0,3,0,2,NULL,7,2003-04-02 00:00:00.000,1
23197,30,2,15,1,166,5,8001,0,8,1,0,32,0,2,1,5,28,2,0,NULL,109,2003-04-02 00:00:00.000,1
23201,30,2,0,1,173,21,8080,0,10,0,0,30,0,1,0,0,4,0,0,NULL,17,2003-04-02 00:00:00.000,1
23203,30,5,0,0,155,3,7861,0,23,1,0,35,0,3,1,3,12,1,0,NULL,6,2003-04-02 00:00:00.000,1
23204,30,0,0,0,142,9,7990,0,3,0,0,10,0,0,1,0,12,17,0,NULL,5,2003-04-02 00:00:00.000,1
23205,30,3,0,1,149,29,8268,0,26,2,0,47,0,5,1,1,9,2,0,NULL,66,2003-04-11 00:00:00.000,1
23208,30,0,0,0,255,0,7664,0,65,0,0,20,0,0,0,1,0,28,0,NULL,454,2003-04-02 00:00:00.000,1
23143,30,0,0,0,290,0,8007,0,70,0,0,39,0,0,0,2,1,31,0,NULL,498,2003-04-02 00:00:00.000,1
23144,30,0,0,0,156,0,8101,0,44,0,0,6,0,0,0,0,0,0,0,NULL,253,2003-04-02 00:00:00.000,1
23145,30,1,0,0,3,0,8039,0,2,0,0,4,0,0,0,0,7,42,0,NULL,17,2003-04-02 00:00:00.000,1
23150,30,4,0,2,533,2,7938,1,12,0,0,5,0,2,1,16,102,30,0,NULL,30,2003-04-03 00:00:00.000,1
23163,40,4,0,1,0,0,4928,0,11,0,0,1,0,0,0,0,40,12,0,NULL,3,2003-04-01 00:00:00.000,1
23164,40,2,0,1,0,0,4774,0,5,0,0,1,0,0,0,0,5,6,0,NULL,1,2003-04-01 00:00:00.000,1
23198,30,1,0,0,170,41,8103,0,44,0,0,10,0,0,0,1,1,4,0,NULL,4,2003-04-02 00:00:00.000,1
23207,30,2,0,1,155,3,8176,1,8,1,0,33,0,2,0,4,7,1,0,NULL,15,2003-04-02 00:00:00.000,1
23210,30,0,0,0,5,0,8135,0,1,0,0,0,0,0,0,0,7,16,0,NULL,0,2003-04-02 00:00:00.000,1
23151,30,36,0,14,659,8,7251,2,10,0,0,3,0,0,3,2,231,17,6,NULL,25,2003-04-03 00:00:00.000,1
23152,30,12,2,41,407,2,7759,11,119,2,0,3,0,3,9,1,1095,35,0,NULL,8,2003-04-03 00:00:00.000,1
23156,30,2,1,1,519,13,7789,10,7,1,0,4,0,0,6,9,832,16,0,NULL,21,2003-04-03 00:00:00.000,1
23158,30,19,3,13,945,4,7072,6,100,1,0,8,0,19,15,9,1134,161,5,NULL,31,2003-04-03 00:00:00.000,1
23161,30,3,2,1,472,4,7814,4,10,0,0,2,0,1,3,4,301,19,0,NULL,6,2003-04-03 00:00:00.000,1
23221,30,3,63,198,1014,91,7656,0,1701,0,0,0,0,1,0,0,2,4,0,NULL,1159,2003-04-03 00:00:00.000,1
23222,30,0,0,1,1,0,7792,0,11,0,0,0,0,0,0,0,0,0,0,NULL,5,2003-04-03 00:00:00.000,1
23223,30,0,0,0,48,0,7717,0,0,0,0,8,0,0,1,0,87,57,0,NULL,1,2003-04-03 00:00:00.000,1
23225,30,0,0,0,135,1,7957,1,6,0,0,11,0,1,0,0,4,1,0,NULL,6,2003-04-03 00:00:00.000,1
23226,30,2,0,0,115,0,8049,0,22,0,0,15,0,1,0,0,5,2,0,NULL,11,2003-04-03 00:00:00.000,1
23166,40,2,0,1,0,0,4962,0,8,0,0,2,0,0,0,2,19,11,0,NULL,3,2003-04-01 00:00:00.000,1
23169,40,2,0,1,0,0,4864,0,6,0,0,1,0,0,0,0,9,4,0,NULL,4,2003-04-01 00:00:00.000,1
23171,40,2,0,1,0,0,4790,0,4,0,0,1,0,0,0,0,12,3,0,NULL,2,2003-04-01 00:00:00.000,1
23116,40,3,0,1,0,0,4729,0,8,0,0,1,0,0,0,0,11,9,0,NULL,3,2003-04-01 00:00:00.000,1
23192,30,274,0,0,57025,0,9250,0,0,0,0,0,0,0,0,0,0,0,0,NULL,0,2003-04-02 00:00:00.000,1
23195,30,1,0,0,157,19,8060,0,9,0,0,10,0,0,0,0,4,0,0,NULL,6,2003-04-02 00:00:00.000,1
23200,30,0,0,0,134,3,7702,1,2,0,0,16,0,1,0,0,8,8,0,NULL,7,2003-04-02 00:00:00.000,1
23202,30,3,0,1,147,35,7760,0,25,0,0,33,0,1,1,24,4,21,0,NULL,21,2003-04-11 00:00:00.000,1
23209,30,3,0,0,1740,0,6371,0,1,0,0,2,7,0,0,0,2,7,0,NULL,3,2003-04-02 00:00:00.000,1
23146,30,0,0,0,0,0,8223,0,0,0,0,0,0,0,0,0,0,1,0,NULL,0,2003-04-02 00:00:00.000,1
23147,30,4,68,187,939,108,7747,0,1703,0,0,1,0,1,0,0,5,30,0,NULL,1100,2003-04-02 00:00:00.000,1
23154,30,41,5,22,1210,7,6732,6,92,1,0,21,0,29,22,11,1215,285,14,NULL,144,2003-04-03 00:00:00.000,1
23157,30,7,1,1,526,4,7625,2,23,0,0,7,0,2,2,23,116,21,0,NULL,52,2003-04-03 00:00:00.000,1
23227,30,1,0,0,143,0,7934,0,15,0,0,15,0,1,1,1,10,2,0,NULL,33,2003-04-03 00:00:00.000,1
23229,30,3,0,1,138,33,7689,0,24,0,0,29,0,1,0,115,1,4,0,NULL,8,2003-04-03 00:00:00.000,1
23199,30,1,0,0,153,7,7858,2,4,0,0,27,0,0,1,0,10,0,0,NULL,10,2003-04-02 00:00:00.000,1
23206,30,17,0,1,159,18,7857,0,48,1,0,39,0,3,1,0,11,14,0,NULL,17,2003-04-02 00:00:00.000,1
23231,30,0,0,1,125,4,7812,0,2,0,0,29,0,5,0,0,15,3,0,NULL,14,2003-04-03 00:00:00.000,1
23232,30,42,0,15,291,1,7514,4,38,59,0,1039,0,238,13,43,258,62,0,NULL,52,2003-04-03 00:00:00.000,1
23233,30,1,0,0,132,2,7728,0,5,1,0,20,0,4,0,0,6,2,0,NULL,49,2003-04-03 00:00:00.000,1
23149,30,10,2,4,694,50,8115,1,57,3,0,1,1,2,3,13,244,32,0,NULL,530,2003-04-04 00:00:00.000,1
23175,30,1493,5,348,88,3,4014,1,861,0,0,824,6,1115,7,28,1693,7667,0,NULL,211,2003-04-04 00:00:00.000,1
23177,30,1640,6,327,61,2,3592,1,731,0,0,484,7,804,6,10,1254,6216,0,NULL,241,2003-04-04 00:00:00.000,1
23178,30,23280,10,1107,12,4,3149,7,47549,8,0,297,29,171,8,75,181,495,0,NULL,1210,2003-04-04 00:00:00.000,1
23181,30,2086,3,734,144,1,4109,1,1524,0,0,316,9,1957,8,58,2254,7689,0,NULL,131,2003-04-04 00:00:00.000,1
23182,30,21554,0,1085,0,1,4285,1,37924,1,0,1381,0,166,4,14,164,265,0,NULL,129,2003-04-04 00:00:00.000,1
23183,30,32383,0,1764,86,2,3945,5,58850,2,0,429,0,163,7,33,194,303,0,NULL,144,2003-04-04 00:00:00.000,1
23260,30,0,1,0,424,0,7418,0,0,0,0,0,0,0,0,0,0,1,0,NULL,23,2003-04-04 00:00:00.000,1
23185,30,901,0,172,12,1,3391,1,320,0,0,497,6,214,2,54,480,3176,0,NULL,2,2003-04-04 00:00:00.000,1
23186,30,16771,9,1782,0,7,4250,10,59003,24,0,511,13,174,12,57,464,751,0,NULL,191,2003-04-04 00:00:00.000,1
22815,30,4470,0,1644,348,0,7625,5,51373,2,0,50,0,68,6,5,167,715,0,NULL,144,2003-02-12 00:00:00.000,1
22844,30,0,0,0,396,0,8121,0,1,0,0,0,0,0,0,0,0,0,4,NULL,8,2003-02-13 00:00:00.000,1
22855,30,0,0,0,372,0,7896,0,0,0,0,0,0,0,0,0,1,1,1,NULL,6,2003-02-13 00:00:00.000,1
22856,30,0,0,0,328,0,7797,0,1,0,0,0,0,0,0,0,3,1,2,NULL,3,2003-02-13 00:00:00.000,1
22858,30,0,0,0,368,0,7833,0,0,0,0,0,0,0,0,0,4,1,0,NULL,1,2003-02-13 00:00:00.000,1
22862,30,0,0,0,404,0,7956,0,0,0,0,0,0,0,0,0,0,0,4,NULL,5,2003-02-13 00:00:00.000,1
22867,30,0,0,0,382,0,7890,0,0,0,0,0,0,0,0,0,1,3,0,NULL,5,2003-02-13 00:00:00.000,1
22875,30,0,0,0,385,0,7975,0,0,0,0,0,0,0,0,0,0,2,4,NULL,1,2003-02-13 00:00:00.000,1
22876,30,0,0,0,395,0,7868,0,1,0,0,0,0,0,4,0,64,4,4,NULL,1,2003-02-14 00:00:00.000,1
22877,30,0,0,0,417,0,8009,0,0,0,0,0,0,0,0,0,0,3,2,NULL,0,2003-02-13 00:00:00.000,1
22879,30,0,0,0,397,0,7921,0,0,0,0,0,0,0,0,0,0,0,3,NULL,1,2003-02-13 00:00:00.000,1
22880,30,0,0,0,415,0,7941,0,0,0,0,0,0,0,0,0,1,1,2,NULL,0,2003-02-13 00:00:00.000,1
22881,30,0,0,0,417,0,8009,0,0,0,0,0,0,0,0,0,0,1,3,NULL,1,2003-02-13 00:00:00.000,1
22885,30,0,0,0,409,0,7872,0,0,0,0,0,0,0,0,0,0,0,4,NULL,2,2003-02-13 00:00:00.000,1
22886,30,0,0,0,416,0,7888,0,0,0,0,0,0,0,0,0,0,0,2,NULL,0,2003-02-13 00:00:00.000,1
22864,30,2,0,0,444,0,7929,1,0,2,0,1,0,0,2,0,195,3,3,NULL,0,2003-02-14 00:00:00.000,1
22865,30,0,0,0,405,0,8027,0,0,0,0,0,0,0,0,0,0,0,1,NULL,2,2003-02-13 00:00:00.000,1
22869,30,0,0,0,371,0,7785,0,0,0,0,0,0,0,0,0,0,0,1,NULL,9,2003-02-13 00:00:00.000,1
22882,30,0,0,0,414,0,7964,0,0,0,0,0,0,0,0,0,0,2,2,NULL,1,2003-02-13 00:00:00.000,1
22883,30,0,0,0,415,0,7927,0,0,0,0,0,0,0,0,0,0,1,2,NULL,0,2003-02-13 00:00:00.000,1
22887,30,0,0,0,393,0,7954,0,0,0,0,0,0,0,0,0,0,0,2,NULL,1,2003-02-13 00:00:00.000,1
22888,30,0,0,0,411,0,8069,0,0,0,0,0,0,0,0,0,0,2,2,NULL,0,2003-02-13 00:00:00.000,1
22889,30,0,0,0,410,0,7958,0,0,0,0,0,0,0,0,0,0,0,3,NULL,1,2003-02-13 00:00:00.000,1
22890,30,0,0,0,415,0,8061,0,3,0,0,0,0,0,0,0,0,1,1,NULL,0,2003-02-13 00:00:00.000,1
22891,30,6,76,240,977,104,7600,0,1766,0,0,5,1,2,0,15,4,5,2,NULL,1188,2003-02-13 00:00:00.000,1
22892,30,1,84,276,1025,103,7580,6,1780,0,0,2,0,1,0,1,7,2,3,NULL,1272,2003-02-13 00:00:00.000,1
22818,30,34764,12,1194,1,2,4389,16,70849,10,1,32,54,68,9,37,105,460,0,NULL,109,2003-02-14 00:00:00.000,1
22819,30,32256,3,1185,0,1,5007,11,65229,6,1,27,30,60,6,36,84,399,0,NULL,140,2003-02-14 00:00:00.000,1
22821,30,29824,9,989,0,1,5366,15,59470,10,1,519,50,73,7,49,70,239,0,NULL,106,2003-02-14 00:00:00.000,1
22822,30,3902,5,1457,353,2,5249,2,2928,2,0,446,12,3262,15,506,3307,9829,0,NULL,193,2003-02-14 00:00:00.000,1
22871,30,0,0,0,419,0,7956,0,0,0,0,0,0,0,0,0,0,2,2,NULL,1,2003-02-13 00:00:00.000,1
22872,30,0,0,0,392,0,7830,0,0,0,0,0,0,0,0,0,0,0,1,NULL,5,2003-02-13 00:00:00.000,1
22873,30,0,0,0,422,0,7976,0,0,0,0,0,0,0,0,0,0,1,2,NULL,0,2003-02-13 00:00:00.000,1
22878,30,0,0,0,403,0,7973,0,0,0,0,0,0,0,0,0,0,1,4,NULL,2,2003-02-13 00:00:00.000,1
22884,30,0,0,0,410,0,7972,0,0,0,0,0,0,0,0,0,0,0,2,NULL,0,2003-02-13 00:00:00.000,1
22820,30,677,0,1210,434,0,7452,6,46657,0,0,5,0,63,7,0,285,462,0,NULL,262,2003-02-14 00:00:00.000,1
22823,30,29607,0,724,0,1,3950,3,51483,1,0,26,5,41,2,0,50,292,0,NULL,194,2003-02-14 00:00:00.000,1
22897,30,0,0,0,0,0,8362,0,0,0,0,0,0,0,0,0,0,0,0,NULL,1,2003-02-18 00:00:00.000,1
22898,30,0,0,0,2,0,8146,0,0,0,0,0,0,0,0,0,0,2,0,NULL,0,2003-02-18 00:00:00.000,1
22899,30,0,0,0,2,0,8056,0,3,0,0,0,0,0,0,0,0,2,0,NULL,0,2003-02-18 00:00:00.000,1
22904,30,0,0,0,5,0,8376,0,1,0,0,0,0,0,0,0,30,1,1,NULL,1,2003-02-19 00:00:00.000,1
22905,30,0,0,0,5,0,8361,0,0,0,0,1,0,0,0,0,0,0,3,NULL,0,2003-02-19 00:00:00.000,1
22906,30,0,0,0,0,0,8289,0,0,0,0,0,0,0,0,0,0,3,0,NULL,0,2003-02-19 00:00:00.000,1
22907,30,1,0,0,176,13,8421,0,21,0,0,2,0,0,0,0,0,0,2,NULL,1,2003-02-19 00:00:00.000,1
22908,30,0,0,0,54,0,8094,0,0,0,0,20,0,0,0,0,10,57,0,NULL,2,2003-02-19 00:00:00.000,1
22824,30,20776,4,1469,171,3,6724,14,61386,10,1,143,22,65,8,28,130,244,0,NULL,285,2003-02-14 00:00:00.000,1
22900,30,0,0,0,2,0,8022,0,2,0,0,0,0,0,0,0,0,0,0,NULL,0,2003-02-18 00:00:00.000,1
22901,30,0,0,0,1,0,8124,0,0,0,0,0,0,0,0,0,0,0,0,NULL,0,2003-02-18 00:00:00.000,1
22902,30,0,0,0,0,0,8095,0,1,0,0,0,0,0,0,1,0,1,0,NULL,4,2003-02-18 00:00:00.000,1
22903,30,1,0,0,0,0,8033,0,1,0,0,0,0,0,0,0,0,3,0,NULL,3,2003-02-18 00:00:00.000,1
22893,40,10,0,3,53,0,5011,9,27,0,0,30,0,5,3,2,928,22,15,NULL,31,2003-02-19 00:00:00.000,1
22904,40,12,0,3,6,0,4706,3,28,0,0,7,0,1,8,2,1000,27,3,NULL,16,2003-02-19 00:00:00.000,1
22908,40,8,0,2,42,1,4894,1,11,2,0,906,23,1,4,8,282,16,8,NULL,16,2003-02-19 00:00:00.000,1
22828,30,0,0,2,165,1,8244,0,1,0,0,14,0,0,0,0,9,1,1,NULL,155,2003-02-20 00:00:00.000,1
22829,30,6,0,7,929,0,8253,0,24,0,0,10,0,0,3,8,26,0,5,NULL,247,2003-02-20 00:00:00.000,1
22839,30,0,0,0,147,3,8257,0,0,1,0,42,0,1,0,0,2,2,0,NULL,5,2003-02-20 00:00:00.000,1
22909,30,0,0,0,0,0,8331,0,0,0,0,0,0,0,0,1,1,0,0,NULL,1,2003-02-20 00:00:00.000,1
22920,30,306,0,0,61852,0,9881,1,1,0,0,0,0,0,0,0,0,6,0,NULL,2,2003-02-26 00:00:00.000,1
22921,30,308,1,0,60294,0,10221,1,0,0,0,0,0,0,0,0,0,4,0,NULL,2,2003-02-21 00:00:00.000,1
22922,30,5,0,0,1,0,8127,0,1,0,0,1,0,0,0,0,0,0,0,NULL,5,2003-02-21 00:00:00.000,1
22893,30,2,0,1,787,0,8150,0,7,0,0,3,0,0,0,0,43,19,2,NULL,4,2003-02-18 00:00:00.000,1
22894,30,7,79,204,1063,93,8044,2,1694,0,0,5,0,1,0,4,8,3,1,NULL,1217,2003-02-18 00:00:00.000,1
22895,30,0,0,1,761,0,8073,0,4,0,0,0,0,0,0,0,2,19,0,NULL,2,2003-02-18 00:00:00.000,1
22896,30,0,0,0,0,0,8175,0,0,0,0,0,0,0,0,0,0,0,0,NULL,1,2003-02-18 00:00:00.000,1
22876,40,16,0,4,239,0,5117,7,19,10,0,5,0,6,90,3,1823,32,4,NULL,8,2003-02-19 00:00:00.000,1
22840,30,4835,0,1613,338,1,6641,4,49982,1,0,198,0,108,7,7,251,749,0,NULL,177,2003-02-20 00:00:00.000,1
22923,30,6,0,0,3,0,8111,0,2,0,0,0,0,0,0,3,0,1,0,NULL,9,2003-02-21 00:00:00.000,1
22924,30,0,0,0,3,0,8521,0,0,0,0,0,0,0,0,0,0,0,0,NULL,0,2003-02-21 00:00:00.000,1
22926,30,0,0,0,1,0,8468,0,0,0,0,0,0,0,0,0,1,5,0,NULL,0,2003-02-21 00:00:00.000,1
22927,30,0,0,0,5,0,8608,0,0,0,0,0,0,0,0,0,0,6,2,NULL,0,2003-02-21 00:00:00.000,1
22930,30,0,0,0,3,0,8595,0,0,0,0,0,0,0,0,0,0,0,2,NULL,0,2003-02-26 00:00:00.000,1
22931,30,1,0,0,3,0,8392,0,0,0,0,0,0,0,0,0,0,3,0,NULL,1,2003-02-21 00:00:00.000,1
22932,30,1,0,0,2,0,8284,0,0,0,0,4,0,0,0,0,0,4,0,NULL,1,2003-02-21 00:00:00.000,1
22933,30,1,0,0,1,0,8409,0,0,0,0,0,0,0,0,0,3,4,0,NULL,1,2003-02-21 00:00:00.000,1
22935,30,3,75,216,947,101,7833,0,1769,0,0,1,0,1,0,0,5,6,0,NULL,1135,2003-02-25 00:00:00.000,1
22910,30,26708,4,2276,75,1,5745,12,69863,7,0,10,18,169,10,27,219,637,0,NULL,242,2003-02-20 00:00:00.000,1
22911,30,23186,7,2690,0,1,7985,23,65119,10,1,50,23,264,22,52,858,650,0,NULL,713,2003-02-20 00:00:00.000,1
22934,30,0,1,0,234,0,8649,0,54,0,0,1,0,0,0,0,0,0,4,NULL,365,2003-02-21 00:00:00.000,1
22936,30,291,0,0,59629,0,9605,1,0,0,0,0,0,0,0,0,0,0,0,NULL,0,2003-02-25 00:00:00.000,1
22938,30,0,0,0,0,0,8323,0,0,0,0,0,0,0,0,0,0,5,0,NULL,1,2003-02-25 00:00:00.000,1
22939,30,0,0,0,1,0,8360,0,0,0,0,0,0,0,0,0,0,0,1,NULL,1,2003-02-25 00:00:00.000,1
22940,30,0,0,0,2,0,8100,0,0,0,0,0,0,0,0,0,0,0,1,NULL,0,2003-02-25 00:00:00.000,1
22941,30,0,0,0,3,0,8150,0,1,0,0,0,0,0,0,0,0,0,1,NULL,1,2003-02-25 00:00:00.000,1
22942,30,1,0,0,2,0,8251,0,1,0,0,0,0,0,0,0,0,0,1,NULL,0,2003-02-25 00:00:00.000,1
22944,30,0,0,0,2,0,8090,0,0,0,0,0,0,0,0,0,0,0,2,NULL,0,2003-02-25 00:00:00.000,1
22937,30,1,0,0,1,0,8171,0,0,0,0,0,0,0,0,0,0,0,1,NULL,0,2003-02-25 00:00:00.000,1
22828,40,4,0,2,14,0,5038,0,8,0,0,25,0,0,0,0,39,8,7,58019,19,2003-02-25 00:00:00.000,1
23657,30,0,0,0,351,0,8804,0,6,0,0,0,0,0,0,1,0,8,4,NULL,503,2003-05-23 00:00:00.000,1
22913,30,25576,4,2477,116,3,6236,11,67464,6,0,6,20,239,10,21,261,633,0,NULL,177,2003-02-26 00:00:00.000,1
22914,30,41955,7,2014,197,4,5771,9,63959,10,1,4753,27,446,8,1987,183,658,0,NULL,376,2003-02-26 00:00:00.000,1
22925,30,0,0,0,49,0,8013,0,0,0,0,0,0,0,0,0,1,4,0,NULL,0,2003-02-21 00:00:00.000,1
22928,30,1,0,0,3,0,8344,0,0,0,0,0,0,0,0,0,0,5,0,NULL,0,2003-02-21 00:00:00.000,1
22929,30,0,0,0,1,0,8359,0,0,0,0,0,0,0,0,0,0,2,0,NULL,0,2003-02-21 00:00:00.000,1
22930,40,1,0,0,0,0,5012,0,2,0,0,0,0,0,0,0,3,1,5,NULL,1,2003-02-25 00:00:00.000,1
22912,30,47927,7,2359,10,3,6178,20,71853,11,1,81,26,251,10,33,181,559,0,NULL,782,2003-02-26 00:00:00.000,1
22915,30,40728,5,1853,203,4,6588,7,62175,7,1,257,18,328,8,2768,187,562,0,NULL,320,2003-02-26 00:00:00.000,1
22953,30,0,0,0,192,0,8045,0,43,0,0,3,0,0,0,0,0,6,3,NULL,248,2003-02-26 00:00:00.000,1
22955,30,0,0,0,195,0,8149,0,43,0,0,18,0,0,0,1,5,11,2,NULL,264,2003-02-26 00:00:00.000,1
22957,30,0,0,0,0,0,8273,0,1,0,0,0,0,0,0,0,8,8,0,NULL,1,2003-02-26 00:00:00.000,1
22958,30,0,0,0,0,0,8255,0,0,0,0,0,0,0,0,0,0,4,0,NULL,1,2003-02-26 00:00:00.000,1
22959,30,0,0,0,2,0,8412,0,0,0,0,0,0,0,0,0,3,1,1,NULL,1,2003-02-26 00:00:00.000,1
22960,30,342,0,6,62204,0,10439,1,1,0,0,0,0,0,0,0,0,0,0,NULL,4,2003-02-26 00:00:00.000,1
22916,30,37939,4,2605,3,4,5793,8,70921,11,1,168,30,403,10,28,312,1057,0,NULL,188,2003-02-26 00:00:00.000,1
23633,30,1,0,0,22,0,8693,0,8,0,0,0,0,0,0,0,0,1,0,NULL,30,2003-05-13 00:00:00.000,1
22974,30,0,0,0,1,0,8506,0,1,0,0,0,0,0,0,0,0,0,0,NULL,0,2003-05-20 00:00:00.000,1
22943,30,0,0,0,2,0,8256,0,1,0,0,0,0,0,0,0,0,0,2,NULL,1,2003-02-25 00:00:00.000,1
22977,30,0,0,0,1,1,8565,0,9,0,0,0,0,0,0,0,0,0,0,NULL,4,2003-05-20 00:00:00.000,1
22951,30,7,62,205,966,96,8026,0,1563,0,0,8,0,1,0,13,3,11,2,NULL,990,2003-02-26 00:00:00.000,1
22952,30,4,74,135,1135,92,7985,5,1696,0,0,6,0,1,0,4,10,8,4,NULL,1177,2003-02-26 00:00:00.000,1
22954,30,0,0,0,190,0,8115,0,45,0,0,0,0,0,0,1,0,3,2,NULL,250,2003-02-26 00:00:00.000,1
22956,30,0,0,0,191,0,8260,0,45,0,0,0,0,0,0,1,0,6,5,NULL,248,2003-02-26 00:00:00.000,1
22917,30,44369,4,1302,17,3,5270,11,69479,6,0,9,30,81,7,57,64,441,29,NULL,138,2003-02-26 00:00:00.000,1
22991,30,0,0,0,0,0,8549,0,0,0,0,1,2,0,0,0,4,0,0,NULL,2,2003-05-20 00:00:00.000,1
23641,30,0,0,0,0,0,8629,0,0,0,0,0,0,0,0,0,0,1,0,NULL,0,2003-05-21 00:00:00.000,1
23646,30,1,0,0,1,0,8522,0,0,0,0,0,0,0,0,0,0,0,0,NULL,0,2003-05-21 00:00:00.000,1
23653,30,0,0,0,2,0,8445,0,1,0,0,0,0,0,0,1,0,0,0,NULL,1,2003-05-21 00:00:00.000,1
23068,30,0,0,0,0,0,8230,0,0,0,0,0,0,0,0,0,0,0,0,NULL,1,2003-05-22 00:00:00.000,1
22918,30,45976,5,900,0,1,6122,15,68174,7,1,1078,16,84,7,30,124,287,0,NULL,353,2003-02-27 00:00:00.000,1
22967,30,0,0,0,2,0,8449,0,0,0,0,0,0,0,0,0,0,0,2,NULL,0,2003-02-27 00:00:00.000,1
22968,30,0,0,0,0,0,8166,0,0,0,0,0,0,0,0,0,0,0,0,NULL,0,2003-02-27 00:00:00.000,1
39058,30,2,1,9,1061,4,7563,0,2137,0,0,0,0,1,0,1,2,5,0,NULL,1189,2009-05-01 00:00:00.000,1
39061,30,1,0,0,0,0,8164,0,2,0,0,1,1,0,0,2,4,7,1,NULL,11,2009-05-01 00:00:00.000,1
39062,30,0,1,0,749,0,8345,6,2,4,0,25,3,0,1,1,116,11,0,NULL,2,2009-05-01 00:00:00.000,1
39074,30,1,0,1,0,0,7276,0,2,0,0,0,1,0,0,3,1,14,0,NULL,3,2009-05-06 00:00:00.000,1
39076,30,1,0,0,0,0,7888,0,1,0,0,0,0,0,0,0,0,1,0,NULL,4,2009-05-06 00:00:00.000,1
39079,30,0,1,0,7,0,7987,0,0,1,0,0,0,0,0,1,0,2,2,NULL,0,2009-05-06 00:00:00.000,1
39090,30,1,0,0,5,0,7586,0,1,0,0,0,0,0,0,0,0,2,0,NULL,1,2009-05-06 00:00:00.000,1
39091,30,2,1,0,4,0,7900,0,4,1,0,0,1,0,0,0,0,2,2,NULL,3,2009-05-06 00:00:00.000,1
39093,30,1,1,0,4,0,7942,0,2,1,0,0,0,0,0,1,0,3,3,NULL,1,2009-05-06 00:00:00.000,1
39087,40,2,0,1,46,0,6525,2,8,4,0,6,0,2,1,0,192,6,12,NULL,6,2009-05-06 00:00:00.000,1
39002,40,5,0,1,65,1,6478,0,5,1,0,0,0,4,0,0,45,0,8,NULL,15,2009-05-06 00:00:00.000,1
39053,40,1,0,1,0,0,6228,0,1,1,0,1,0,0,0,0,7,0,0,NULL,0,2009-05-06 00:00:00.000,1
38984,40,15,0,4,160,2,5999,3,25,2,0,6,0,14,3,0,203,12,0,NULL,25,2009-05-06 00:00:00.000,1
39096,30,3,1,3,967,0,7925,0,8,1,0,1,0,0,1,1,53,10,4,NULL,25,2009-05-07 00:00:00.000,1
39097,30,0,1,0,206,0,7951,0,0,1,0,2,1,0,0,2,17,5,3,NULL,101,2009-05-07 00:00:00.000,1
39084,30,1,0,0,922,0,7867,0,3,0,0,1,0,0,0,0,21,20,0,NULL,2,2009-05-05 00:00:00.000,1
39082,40,43,0,8,38,3,6088,17,94,21,0,58,3,22,9,8,1745,89,0,NULL,51,2009-05-05 00:00:00.000,1
39070,30,2542,2,68,29,1,5160,1,7006,8,0,79,0,30,2,14,45,37,0,NULL,2,2009-05-06 00:00:00.000,1
39075,30,1,0,0,0,0,7234,0,1,1,0,0,1,0,0,1,0,2,0,NULL,3,2009-05-06 00:00:00.000,1
39078,30,0,0,7,185,0,7810,0,25,1,0,18,1,0,0,1,1,3,0,NULL,237,2009-05-06 00:00:00.000,1
39062,40,7,3,3,112,1,6045,85,7,57,0,886,56,2,14,4,2336,18,0,NULL,13,2009-05-06 00:00:00.000,1
39098,30,0,1,0,310,0,7974,0,0,1,0,2,0,0,0,1,19,6,1,NULL,1,2009-05-07 00:00:00.000,1
39100,30,1,2,1,472,0,7606,5,5,2,0,1,0,0,4,2,644,11,0,NULL,3,2009-05-07 00:00:00.000,1
39101,30,0,1,0,580,0,7966,1,0,1,0,0,0,0,1,1,106,7,0,NULL,2,2009-05-07 00:00:00.000,1
39102,30,3,2,8,767,0,7745,3,27,1,0,3,0,7,5,1,518,49,2,NULL,14,2009-05-07 00:00:00.000,1
39103,30,1,1,1,902,0,7814,1,3,1,0,0,0,1,1,1,59,12,0,NULL,5,2009-05-07 00:00:00.000,1
39104,30,1,1,4,266,125,8351,0,43,0,0,7,1,1,0,3,14,8,4,NULL,8,2009-05-08 00:00:00.000,1
39108,30,1,5,22,1058,8,7772,0,2127,0,0,1,0,2,0,0,3,3,0,NULL,1152,2009-05-12 00:00:00.000,1
39109,30,9,0,23,1323,403,8015,1,2696,0,0,1,0,2,0,2,4,3,0,NULL,1520,2009-05-12 00:00:00.000,1
39110,30,4,0,0,63,1,7504,0,13,0,0,0,2,0,0,15,1,1,1,NULL,24,2009-05-12 00:00:00.000,1
39089,30,1,0,0,239,0,6119,0,0,0,0,0,7,1,0,0,1,6,0,NULL,2,2009-05-06 00:00:00.000,1
39092,30,1,0,0,2,0,7784,0,1,1,0,0,1,0,0,1,0,2,0,NULL,0,2009-05-06 00:00:00.000,1
39112,30,0,1,0,62890,0,9508,1,0,0,1,0,0,0,0,0,0,1,0,NULL,0,2009-05-12 00:00:00.000,1
39117,30,2,5,25,1106,8,7947,1,2205,0,0,1,0,2,0,1,5,3,0,NULL,1220,2009-05-13 00:00:00.000,1
39119,30,0,0,0,0,0,7847,0,1,0,0,0,1,0,0,1,0,1,0,NULL,1,2009-05-13 00:00:00.000,1
39120,30,1,0,0,0,0,7658,0,2,0,0,0,0,0,0,0,3,1,0,NULL,4,2009-05-13 00:00:00.000,1
39124,30,0,0,0,0,0,7761,0,0,0,0,0,1,0,0,1,1,5,0,NULL,0,2009-05-13 00:00:00.000,1
39125,30,3,0,0,0,0,7638,0,7,0,0,0,0,0,0,0,0,3,0,NULL,2,2009-05-13 00:00:00.000,1
39127,30,3,0,0,0,0,7699,0,5,0,0,0,1,0,0,0,0,2,0,NULL,2,2009-05-13 00:00:00.000,1
39129,30,0,0,12,221,0,7865,0,29,0,0,0,1,0,0,0,0,1,0,NULL,253,2009-05-14 00:00:00.000,1
